# This file is brought to you by Roblox Corporation
# Generated by Roblox Studio

mtllib Shell9mm.mtl

g Shell9mm1

v 0.0120545 0.0682368 -0.0291022 
v 0.0175005 0.0682368 -0.0261912 
v 0.0222739 0.0682368 -0.0222739 
v 0.0261913 0.0682368 -0.0175004 
v 0.0291022 0.0682368 -0.0120546 
v 0.0315 0.0682368 -5.73654e-09 
v 0.0308947 0.0682368 0.00614535 
v 0.0291022 0.0682368 0.0120546 
v 0.0245963 0.0682368 0.0164348 
v 0.0261913 0.0682368 0.0175005 
v 0.0222739 0.0682368 0.0222739 
v 0.0175005 0.0682368 0.0261913 
v -0.0175005 0.0682368 0.0261914 
v -0.0222739 0.0682368 0.0222739 
v -0.0261913 0.0682368 0.0175005 
v -0.0291022 0.0682368 0.0120546 
v -0.0308947 0.0682368 0.00614536 
v -0.0315 0.0682368 -2.28909e-10 
v -0.0308947 0.0682368 -0.00614536 
v -0.0291022 0.0682368 -0.0120546 
v -0.0261913 0.0682368 -0.0175004 
v -0.0209174 0.0682368 -0.0209174 
v -0.0222739 0.0682368 -0.0222739 
v -0.0175005 0.0682368 -0.0261912 
v -0.0308947 -0.054749 0.00614536 
v -0.0261602 -0.0591397 0.0108359 
v -0.0291022 -0.054749 0.0120546 
v -0.0277715 -0.0591397 0.00552404 
v 0.0315 -0.054749 -3.60662e-10 
v 0.0308947 -0.054749 0.00614536 
v 0.0291022 -0.054749 0.0120546 
v 0.0261913 -0.054749 0.0175004 
v 0.0175005 -0.054749 0.0261912 
v -0.0120545 -0.054749 0.0291022 
v -0.0315 -0.054749 5.14697e-09 
v -0.0277715 -0.0591397 0.00552404 
v -0.0308947 -0.054749 0.00614536 
v -0.0283156 -0.0591397 5.0605e-09 
v -0.0308947 -0.054749 -0.00614535 
v -0.0277715 -0.0591397 -0.00552403 
v -0.0315 -0.054749 5.14697e-09 
v -0.0283156 -0.0591397 5.0605e-09 
v -0.0291022 -0.054749 -0.0120546 
v -0.0261602 -0.0591397 -0.0108359 
v -0.0308947 -0.054749 -0.00614535 
v -0.0277715 -0.0591397 -0.00552403 
v -0.0261913 -0.054749 -0.0175005 
v -0.0235435 -0.0591397 -0.0157313 
v -0.0291022 -0.054749 -0.0120546 
v -0.0261602 -0.0591397 -0.0108359 
v -0.0222739 -0.054749 0.0222739 
v -0.0235435 -0.0591397 0.0157313 
v -0.0200221 -0.0591397 0.0200222 
v -0.0261913 -0.054749 0.0175004 
v -0.0291022 -0.054749 0.0120546 
v -0.0235435 -0.0591397 0.0157313 
v -0.0261913 -0.054749 0.0175004 
v -0.0261602 -0.0591397 0.0108359 
v -0.0222739 -0.054749 -0.0222739 
v -0.0235435 -0.0591397 -0.0157313 
v -0.0261913 -0.054749 -0.0175005 
v -0.0200221 -0.0591397 -0.0200222 
v -0.0175005 -0.054749 -0.0261914 
v 0.0175005 -0.054749 -0.0261914 
v -0.0120545 -0.054749 -0.0291022 
v 0.0291022 -0.054749 -0.0120546 
v 0.0308947 -0.054749 -0.00614536 
v -0.0120237 -0.0682373 0.0290277 
v -0.0222169 -0.0682373 0.0222169 
v -0.0261243 -0.0682373 0.0174557 
v -0.0314194 -0.0682373 5.72952e-09 
v -0.0308157 -0.0682373 0.00612963 
v -0.0290277 -0.0682373 -0.0120237 
v -0.0222169 -0.0682373 -0.0222168 
v -0.0174557 -0.0682373 -0.0261242 
v -0.0261243 -0.0682373 -0.0174557 
v -0.0261913 0.0682368 0.0175005 
v -0.0222739 -0.054749 0.0222739 
v -0.0222739 0.0682368 0.0222739 
v -0.0261913 -0.054749 0.0175004 
v -0.0291022 0.0682368 0.0120546 
v -0.0261913 -0.054749 0.0175004 
v -0.0261913 0.0682368 0.0175005 
v -0.0291022 -0.054749 0.0120546 
v -0.0308947 0.0682368 0.00614536 
v -0.0291022 -0.054749 0.0120546 
v -0.0291022 0.0682368 0.0120546 
v -0.0308947 -0.054749 0.00614536 
v -0.0315 0.0682368 -2.28909e-10 
v -0.0308947 -0.054749 0.00614536 
v -0.0308947 0.0682368 0.00614536 
v -0.0315 -0.054749 5.14697e-09 
v -0.0308947 0.0682368 -0.00614536 
v -0.0315 -0.054749 5.14697e-09 
v -0.0315 0.0682368 -2.28909e-10 
v -0.0308947 -0.054749 -0.00614535 
v -0.0291022 0.0682368 -0.0120546 
v -0.0308947 -0.054749 -0.00614535 
v -0.0308947 0.0682368 -0.00614536 
v -0.0291022 -0.054749 -0.0120546 
v -0.0261913 0.0682368 -0.0175004 
v -0.0291022 -0.054749 -0.0120546 
v -0.0291022 0.0682368 -0.0120546 
v -0.0261913 -0.054749 -0.0175005 
v -0.0222739 0.0682368 -0.0222739 
v -0.0261913 -0.054749 -0.0175005 
v -0.0261913 0.0682368 -0.0175004 
v -0.0222739 -0.054749 -0.0222739 
v -0.0120237 -0.0618663 0.0290277 
v -0.0174557 -0.0618663 0.0261242 
v -0.0261243 -0.0618663 0.0174557 
v -0.0261243 -0.0682373 0.0174557 
v -0.0222169 -0.0618663 0.0222169 
v -0.0222169 -0.0682373 0.0222169 
v -0.0290277 -0.0618663 0.0120237 
v -0.0290277 -0.0682373 0.0120237 
v -0.0261243 -0.0618663 0.0174557 
v -0.0261243 -0.0682373 0.0174557 
v -0.0308157 -0.0618663 0.00612963 
v -0.0308157 -0.0682373 0.00612963 
v -0.0290277 -0.0618663 0.0120237 
v -0.0290277 -0.0682373 0.0120237 
v -0.0314194 -0.0618663 5.45103e-09 
v -0.0314194 -0.0682373 5.72952e-09 
v -0.0308157 -0.0618663 0.00612963 
v -0.0308157 -0.0682373 0.00612963 
v -0.0308157 -0.0618663 -0.00612962 
v -0.0308157 -0.0682373 -0.00612962 
v -0.0314194 -0.0618663 5.45103e-09 
v -0.0314194 -0.0682373 5.72952e-09 
v -0.0290277 -0.0682373 -0.0120237 
v -0.0308157 -0.0618663 -0.00612962 
v -0.0290277 -0.0618663 -0.0120237 
v -0.0308157 -0.0682373 -0.00612962 
v -0.0174557 -0.0618663 -0.0261242 
v -0.0222169 -0.0618663 -0.0222168 
v -0.00612962 -0.0618663 -0.0308157 
v -0.0261243 -0.0682373 -0.0174557 
v -0.0290277 -0.0618663 -0.0120237 
v -0.0261243 -0.0618663 -0.0174557 
v -0.0290277 -0.0682373 -0.0120237 
v -0.0222169 -0.0618663 -0.0222168 
v -0.0222169 -0.0682373 -0.0222168 
v -0.0261243 -0.0618663 -0.0174557 
v -0.0261243 -0.0682373 -0.0174557 
v -0.0200221 -0.0618663 0.0200222 
v -0.0200221 -0.0591397 0.0200222 
v -0.0235435 -0.0591397 0.0157313 
v -0.0235435 -0.0618663 0.0157313 
v -0.0200221 -0.0618663 0.0200222 
v -0.0261602 -0.0618663 0.0108359 
v -0.0235435 -0.0591397 0.0157313 
v -0.0261602 -0.0591397 0.0108359 
v -0.0235435 -0.0618663 0.0157313 
v -0.0261602 -0.0591397 0.0108359 
v -0.0277715 -0.0591397 0.00552404 
v -0.0277715 -0.0618663 0.00552404 
v -0.0261602 -0.0618663 0.0108359 
v -0.0277715 -0.0591397 0.00552404 
v -0.0283156 -0.0591397 5.0605e-09 
v -0.0283156 -0.0618663 5.17969e-09 
v -0.0277715 -0.0618663 0.00552404 
v -0.0277715 -0.0618663 -0.00552403 
v -0.0283156 -0.0591397 5.0605e-09 
v -0.0277715 -0.0591397 -0.00552403 
v -0.0283156 -0.0618663 5.17969e-09 
v -0.0277715 -0.0591397 -0.00552403 
v -0.0261602 -0.0591397 -0.0108359 
v -0.0261602 -0.0618663 -0.0108359 
v -0.0277715 -0.0618663 -0.00552403 
v -0.0261602 -0.0591397 -0.0108359 
v -0.0235435 -0.0591397 -0.0157313 
v -0.0235435 -0.0618663 -0.0157313 
v -0.0261602 -0.0618663 -0.0108359 
v -0.0235435 -0.0591397 -0.0157313 
v -0.0200221 -0.0591397 -0.0200222 
v -0.0200221 -0.0618663 -0.0200222 
v -0.0235435 -0.0618663 -0.0157313 
v 0.0113204 -0.0492983 -0.0273299 
v 0.0209174 -0.0492983 -0.0209174 
v 0.0164347 -0.0492983 -0.0245963 
v -0.0209174 -0.0492983 -0.0209174 
v 0.0273299 -0.0492983 -0.0113205 
v 0.0245963 -0.0492983 -0.0164347 
v 0.0209174 -0.0492983 0.0209174 
v 0.0273299 -0.0492983 0.0113205 
v 0.0290133 -0.0492983 0.00577116 
v -0.02733 -0.0492983 -0.0113205 
v -0.02733 -0.0492983 0.0113205 
v -0.0209174 -0.0492983 0.0209174 
v -0.0245963 -0.0492983 0.0164347 
v 0.0209174 0.0682368 -0.0209174 
v 0.0209174 -0.0492983 -0.0209174 
v 0.0245963 0.0682368 -0.0164347 
v 0.0245963 -0.0492983 -0.0164347 
v 0.0245963 0.0682368 -0.0164347 
v 0.0245963 -0.0492983 -0.0164347 
v 0.0273299 0.0682368 -0.0113205 
v 0.0273299 -0.0492983 -0.0113205 
v 0.0273299 0.0682368 -0.0113205 
v 0.0273299 -0.0492983 -0.0113205 
v 0.0290133 0.0682368 -0.00577117 
v 0.0290133 -0.0492983 -0.00577116 
v 0.0290133 0.0682368 -0.00577117 
v 0.0290133 -0.0492983 -0.00577116 
v 0.0295817 0.0682368 -5.56884e-09 
v 0.0295817 -0.0492983 -4.3122e-10 
v 0.0295817 0.0682368 -5.56884e-09 
v 0.0295817 -0.0492983 -4.3122e-10 
v 0.0290133 0.0682368 0.00577116 
v 0.0290133 -0.0492983 0.00577116 
v 0.0290133 0.0682368 0.00577116 
v 0.0290133 -0.0492983 0.00577116 
v 0.02733 0.0682368 0.0113205 
v 0.0273299 -0.0492983 0.0113205 
v 0.02733 0.0682368 0.0113205 
v 0.0273299 -0.0492983 0.0113205 
v 0.0245963 0.0682368 0.0164348 
v 0.0245963 -0.0492983 0.0164347 
v 0.0245963 0.0682368 0.0164348 
v 0.0245963 -0.0492983 0.0164347 
v 0.0209174 0.0682368 0.0209174 
v 0.0209174 -0.0492983 0.0209174 
v -4.61646e-09 0.0682368 -0.0315 
v 0.00614534 0.0682368 -0.0308948 
v 0.0120545 0.0682368 -0.0291022 
v 0.0175005 0.0682368 -0.0261912 
v 0.0222739 0.0682368 -0.0222739 
v 0.0261913 0.0682368 -0.0175004 
v 0.0291022 0.0682368 -0.0120546 
v 0.0291022 0.0682368 0.0120546 
v 0.0245963 0.0682368 0.0164348 
v 0.0222739 0.0682368 0.0222739 
v 0.0175005 0.0682368 0.0261913 
v 0.0120545 0.0682368 0.0291022 
v 0.00614535 0.0682368 0.0308948 
v 8.9117e-10 0.0682368 0.0315 
v -0.00614534 0.0682368 0.0308948 
v -0.0120545 0.0682368 0.0291022 
v -0.0175005 0.0682368 0.0261914 
v -0.0222739 0.0682368 0.0222739 
v -0.0261913 0.0682368 0.0175005 
v -0.0261913 0.0682368 -0.0175004 
v -0.0209174 0.0682368 -0.0209174 
v -0.0222739 0.0682368 -0.0222739 
v -0.0175005 0.0682368 -0.0261912 
v -0.0120545 0.0682368 -0.0291022 
v -0.00614535 0.0682368 -0.0308948 
v 0.0261913 -0.054749 0.0175004 
v 0.0175005 -0.054749 0.0261912 
v 0.00614535 -0.054749 0.0308948 
v 8.91171e-10 -0.054749 0.0315 
v -0.0120545 -0.054749 0.0291022 
v -0.0291022 -0.054749 -0.0120546 
v -0.0261913 -0.054749 -0.0175005 
v 0.00552409 -0.0591397 -0.0277715 
v -4.61646e-09 -0.054749 -0.0315 
v 0.00614534 -0.054749 -0.0308948 
v -4.26696e-09 -0.0591397 -0.0283155 
v 0.0120545 -0.054749 -0.0291022 
v 0.0108359 -0.0591397 -0.0261601 
v 0.00614534 -0.054749 -0.0308948 
v 0.00552409 -0.0591397 -0.0277715 
v -0.0157313 -0.0591397 -0.0235435 
v -0.0222739 -0.054749 -0.0222739 
v -0.0175005 -0.054749 -0.0261914 
v -0.0200221 -0.0591397 -0.0200222 
v 0.0175005 -0.054749 -0.0261914 
v 0.0157313 -0.0591397 -0.0235435 
v 0.0120545 -0.054749 -0.0291022 
v 0.0108359 -0.0591397 -0.0261601 
v -0.0120545 -0.054749 -0.0291022 
v -0.0157313 -0.0591397 -0.0235435 
v -0.0175005 -0.054749 -0.0261914 
v -0.0108359 -0.0591397 -0.0261601 
v 0.0222739 -0.054749 -0.0222739 
v 0.0157313 -0.0591397 -0.0235435 
v 0.0175005 -0.054749 -0.0261914 
v 0.0200221 -0.0591397 -0.0200222 
v -0.00614535 -0.054749 -0.0308948 
v -0.0108359 -0.0591397 -0.0261601 
v -0.0120545 -0.054749 -0.0291022 
v -0.00552409 -0.0591397 -0.0277715 
v -4.61646e-09 -0.054749 -0.0315 
v -0.00552409 -0.0591397 -0.0277715 
v -0.00614535 -0.054749 -0.0308948 
v -4.26696e-09 -0.0591397 -0.0283155 
v 0.0291022 -0.054749 -0.0120546 
v 0.0120237 -0.0682373 -0.0290277 
v 0.0290277 -0.0682373 -0.0120237 
v 0.0222169 -0.0682373 -0.0222168 
v 0.00612961 -0.0682373 -0.0308157 
v -0.0120237 -0.0682373 -0.0290277 
v -0.00612962 -0.0682373 -0.0308157 
v -0.0222169 -0.0682373 -0.0222168 
v -0.0174557 -0.0682373 -0.0261242 
v 0.00614534 0.0682368 -0.0308948 
v -4.61646e-09 -0.054749 -0.0315 
v -4.61646e-09 0.0682368 -0.0315 
v 0.00614534 -0.054749 -0.0308948 
v 0.0120545 0.0682368 -0.0291022 
v 0.00614534 -0.054749 -0.0308948 
v 0.00614534 0.0682368 -0.0308948 
v 0.0120545 -0.054749 -0.0291022 
v 0.0175005 0.0682368 -0.0261912 
v 0.0120545 -0.054749 -0.0291022 
v 0.0120545 0.0682368 -0.0291022 
v 0.0175005 -0.054749 -0.0261914 
v 0.0222739 0.0682368 -0.0222739 
v 0.0175005 -0.054749 -0.0261914 
v 0.0175005 0.0682368 -0.0261912 
v 0.0222739 -0.054749 -0.0222739 
v -0.0175005 0.0682368 -0.0261912 
v -0.0222739 -0.054749 -0.0222739 
v -0.0222739 0.0682368 -0.0222739 
v -0.0175005 -0.054749 -0.0261914 
v -0.0120545 0.0682368 -0.0291022 
v -0.0175005 -0.054749 -0.0261914 
v -0.0175005 0.0682368 -0.0261912 
v -0.0120545 -0.054749 -0.0291022 
v -0.00614535 0.0682368 -0.0308948 
v -0.0120545 -0.054749 -0.0291022 
v -0.0120545 0.0682368 -0.0291022 
v -0.00614535 -0.054749 -0.0308948 
v -4.61646e-09 0.0682368 -0.0315 
v -0.00614535 -0.054749 -0.0308948 
v -0.00614535 0.0682368 -0.0308948 
v -4.61646e-09 -0.054749 -0.0315 
v -0.0308157 -0.0618663 -0.00612962 
v 0.0120237 -0.0618663 -0.0290277 
v 0.0120237 -0.0682373 -0.0290277 
v 0.00612961 -0.0618663 -0.0308157 
v 0.00612961 -0.0682373 -0.0308157 
v -0.0174557 -0.0618663 -0.0261242 
v -0.0174557 -0.0682373 -0.0261242 
v -0.0222169 -0.0618663 -0.0222168 
v -0.0222169 -0.0682373 -0.0222168 
v 0.0174557 -0.0618663 -0.0261242 
v 0.0174557 -0.0682373 -0.0261242 
v 0.0120237 -0.0618663 -0.0290277 
v 0.0120237 -0.0682373 -0.0290277 
v -0.0120237 -0.0618663 -0.0290277 
v -0.0120237 -0.0682373 -0.0290277 
v -0.0174557 -0.0618663 -0.0261242 
v -0.0174557 -0.0682373 -0.0261242 
v 0.0222169 -0.0618663 -0.0222168 
v 0.0222169 -0.0682373 -0.0222168 
v 0.0174557 -0.0618663 -0.0261242 
v 0.0174557 -0.0682373 -0.0261242 
v -0.00612962 -0.0618663 -0.0308157 
v -0.00612962 -0.0682373 -0.0308157 
v -0.0120237 -0.0618663 -0.0290277 
v -0.0120237 -0.0682373 -0.0290277 
v 0.0261243 -0.0618663 -0.0174557 
v -4.59463e-09 -0.0618663 -0.0314194 
v -5.18711e-09 -0.0682373 -0.0314194 
v -0.00612962 -0.0618663 -0.0308157 
v -0.00612962 -0.0682373 -0.0308157 
v 0.0290277 -0.0618663 -0.0120237 
v -0.0261243 -0.0618663 -0.0174557 
v 0.00612961 -0.0618663 -0.0308157 
v 0.00612961 -0.0682373 -0.0308157 
v -4.59463e-09 -0.0618663 -0.0314194 
v -5.18711e-09 -0.0682373 -0.0314194 
v -0.0157313 -0.0591397 -0.0235435 
v -0.0108359 -0.0591397 -0.0261601 
v -0.0108359 -0.0618663 -0.0261601 
v -0.0157313 -0.0618663 -0.0235435 
v 0.0235435 -0.0618663 -0.0157313 
v -0.0200221 -0.0618663 -0.0200222 
v -0.0200221 -0.0591397 -0.0200222 
v -0.0157313 -0.0591397 -0.0235435 
v -0.0157313 -0.0618663 -0.0235435 
v -0.0200221 -0.0618663 -0.0200222 
v 0.0108359 -0.0591397 -0.0261601 
v 0.0157313 -0.0591397 -0.0235435 
v 0.0157313 -0.0618663 -0.0235435 
v 0.0108359 -0.0618663 -0.0261601 
v 0.0157313 -0.0591397 -0.0235435 
v 0.0200221 -0.0591397 -0.0200222 
v 0.0200221 -0.0618663 -0.0200222 
v 0.0157313 -0.0618663 -0.0235435 
v -0.0108359 -0.0591397 -0.0261601 
v -0.00552409 -0.0591397 -0.0277715 
v -0.00552409 -0.0618663 -0.0277715 
v -0.0108359 -0.0618663 -0.0261601 
v -4.36876e-09 -0.0618663 -0.0283155 
v -0.00552409 -0.0591397 -0.0277715 
v -4.26696e-09 -0.0591397 -0.0283155 
v -0.00552409 -0.0618663 -0.0277715 
v -4.26696e-09 -0.0591397 -0.0283155 
v 0.00552409 -0.0591397 -0.0277715 
v 0.00552409 -0.0618663 -0.0277715 
v -4.36876e-09 -0.0618663 -0.0283155 
v 0.00552409 -0.0591397 -0.0277715 
v 0.0108359 -0.0591397 -0.0261601 
v 0.0108359 -0.0618663 -0.0261601 
v 0.00552409 -0.0618663 -0.0277715 
v -0.0113204 -0.0492983 -0.0273299 
v 0.0209174 -0.0492983 -0.0209174 
v 0.0164347 -0.0492983 -0.0245963 
v -0.0209174 -0.0492983 -0.0209174 
v 0.0209174 -0.0492983 0.0209174 
v 0.0273299 -0.0492983 0.0113205 
v -0.02733 -0.0492983 0.0113205 
v -0.0209174 -0.0492983 0.0209174 
v 0.0113204 -0.0492983 0.0273299 
v -0.0113204 -0.0492983 0.0273299 
v -0.0164347 -0.0492983 0.0245963 
v 0.00577111 -0.0492983 0.0290133 
v 0.00577111 0.0682368 0.0290133 
v 0.00577111 -0.0492983 0.0290133 
v 7.23476e-10 0.0682368 0.0295818 
v -1.95704e-09 -0.0492983 0.0295817 
v 7.23476e-10 0.0682368 0.0295818 
v -1.95704e-09 -0.0492983 0.0295817 
v -0.00577111 0.0682368 0.0290133 
v -0.00577111 -0.0492983 0.0290133 
v -0.00577111 0.0682368 0.0290133 
v -0.00577111 -0.0492983 0.0290133 
v -0.0113204 0.0682368 0.0273299 
v -0.0113204 -0.0492983 0.0273299 
v -0.0113204 0.0682368 0.0273299 
v -0.0113204 -0.0492983 0.0273299 
v -0.0164347 0.0682368 0.0245963 
v -0.0164347 -0.0492983 0.0245963 
v -0.0164347 0.0682368 0.0245963 
v -0.0164347 -0.0492983 0.0245963 
v -0.0209174 0.0682368 0.0209174 
v -0.0209174 -0.0492983 0.0209174 
v 0.0209174 0.0682368 0.0209174 
v 0.0209174 -0.0492983 0.0209174 
v 0.0164347 0.0682368 0.0245963 
v 0.0164347 -0.0492983 0.0245963 
v 0.0164347 0.0682368 0.0245963 
v 0.0164347 -0.0492983 0.0245963 
v 0.0113204 0.0682368 0.0273299 
v 0.0113204 0.0682368 0.0273299 
v 0.0164347 -0.0492983 0.0245963 
v 0.0113204 -0.0492983 0.0273299 
v 0.0113204 0.0682368 0.0273299 
v 0.0113204 -0.0492983 0.0273299 
v 0.00577111 0.0682368 0.0290133 
v 0.00577111 -0.0492983 0.0290133 
v 0.0315 -0.054749 -3.60662e-10 
v 0.0308947 -0.054749 0.00614536 
v 0.0291022 -0.054749 0.0120546 
v 0.0261913 -0.054749 0.0175004 
v 0.0222739 -0.054749 0.0222739 
v 0.0175005 -0.054749 0.0261912 
v 0.0120545 -0.054749 0.0291022 
v 0.00614535 -0.054749 0.0308948 
v 8.91171e-10 -0.054749 0.0315 
v -0.00614534 -0.054749 0.0308948 
v -0.0120545 -0.054749 0.0291022 
v -0.0175005 -0.054749 0.0261912 
v -0.0261913 -0.054749 -0.0175005 
v -0.0175005 -0.054749 -0.0261914 
v 0.0314194 -0.0682373 2.35977e-10 
v 0.0120237 -0.0682373 0.0290277 
v 0.0120237 -0.0682373 -0.0290277 
v 0.0222169 -0.0682373 0.0222169 
v 0.0174557 -0.0682373 0.0261242 
v 0.0290277 -0.0682373 0.0120237 
v 0.0261243 -0.0682373 0.0174557 
v 0.0308157 -0.0682373 0.00612962 
v 0.0290277 -0.0682373 -0.0120237 
v 0.0308157 -0.0682373 -0.00612962 
v 0.0222169 -0.0682373 -0.0222168 
v 0.0261243 -0.0682373 -0.0174557 
v 0.0174557 -0.0682373 -0.0261242 
v 3.06431e-10 -0.0682373 0.0314194 
v 0.00612962 -0.0682373 0.0308157 
v -0.0120237 -0.0682373 0.0290277 
v -0.00612962 -0.0682373 0.0308157 
v -0.0222169 -0.0682373 0.0222169 
v -0.0174557 -0.0682373 0.0261242 
v -0.0290277 -0.0682373 0.0120237 
v -0.0261243 -0.0682373 0.0174557 
v -0.0314194 -0.0682373 5.72952e-09 
v -0.0308157 -0.0682373 0.00612963 
v -0.0290277 -0.0682373 -0.0120237 
v -0.0308157 -0.0682373 -0.00612962 
v -5.18711e-09 -0.0682373 -0.0314194 
v 0.00612961 -0.0682373 -0.0308157 
v -0.0120237 -0.0682373 -0.0290277 
v -0.00612962 -0.0682373 -0.0308157 
v -0.0222169 -0.0682373 -0.0222168 
v -0.0174557 -0.0682373 -0.0261242 
v -0.0261243 -0.0682373 -0.0174557 
v -0.0261913 -0.054749 0.0175004 
v -0.0291022 -0.054749 0.0120546 
v -0.0308947 -0.054749 0.00614536 
v -0.0315 -0.054749 5.14697e-09 
v -0.0308947 -0.054749 -0.00614535 
v -0.0291022 -0.054749 -0.0120546 
v -0.0261913 -0.054749 -0.0175005 
v -0.0222739 -0.054749 -0.0222739 
v -0.0175005 -0.054749 -0.0261914 
v -0.0120545 -0.054749 -0.0291022 
v -0.00614535 -0.054749 -0.0308948 
v -4.61646e-09 -0.054749 -0.0315 
v 0.00612962 -0.0618663 0.0308157 
v -0.0120237 -0.0618663 0.0290277 
v -0.0174557 -0.0618663 0.0261242 
v -0.0290277 -0.0618663 0.0120237 
v -0.0308157 -0.0618663 0.00612963 
v 0.0261243 -0.0618663 0.0174557 
v -0.0308157 -0.0618663 -0.00612962 
v 0.0222169 -0.0618663 0.0222169 
v 0.00612961 -0.0618663 -0.0308157 
v -0.0222169 -0.0618663 -0.0222168 
v 0.0174557 -0.0618663 -0.0261242 
v -0.00612962 -0.0618663 -0.0308157 
v 0.0261243 -0.0618663 -0.0174557 
v 0.0290277 -0.0618663 -0.0120237 
v 0.0308157 -0.0618663 0.00612962 
v 5.82083e-10 -0.0618663 0.0283155 
v 0.0283156 -0.0618663 2.28837e-10 
v 0.0200221 -0.0618663 0.0200222 
v -0.0200221 -0.0618663 -0.0200222 
v -0.0222739 -0.054749 0.0222739 
v 0.0222739 -0.054749 -0.0222739 
v 0.0261913 -0.054749 -0.0175005 
v 0.0291022 -0.054749 -0.0120546 
v 0.0308947 -0.054749 -0.00614536 
v 0.0175005 -0.054749 -0.0261914 
v 0.0120545 -0.054749 -0.0291022 
v 0.00614534 -0.054749 -0.0308948 
v -4.61646e-09 -0.054749 -0.0315 
v 0.0120545 0.0682368 -0.0291022 
v 0.0175005 0.0682368 -0.0261912 
v 0.0222739 0.0682368 -0.0222739 
v 0.0261913 0.0682368 -0.0175004 
v 0.0291022 0.0682368 -0.0120546 
v 0.0315 0.0682368 -5.73654e-09 
v 0.0308947 0.0682368 0.00614535 
v 0.0291022 0.0682368 0.0120546 
v 0.0245963 0.0682368 0.0164348 
v 0.0261913 0.0682368 0.0175005 
v 0.0222739 0.0682368 0.0222739 
v 0.0175005 0.0682368 0.0261913 
v -0.0175005 0.0682368 0.0261914 
v -0.0222739 0.0682368 0.0222739 
v -0.0261913 0.0682368 0.0175005 
v -0.0291022 0.0682368 0.0120546 
v -0.0308947 0.0682368 0.00614536 
v -0.0315 0.0682368 -2.28909e-10 
v -0.0308947 0.0682368 -0.00614536 
v -0.0291022 0.0682368 -0.0120546 
v -0.0261913 0.0682368 -0.0175004 
v -0.0209174 0.0682368 -0.0209174 
v -0.0222739 0.0682368 -0.0222739 
v -0.0175005 0.0682368 -0.0261912 
v -0.0308947 -0.054749 0.00614536 
v 0.0315 -0.054749 -3.60662e-10 
v 0.0308947 -0.054749 0.00614536 
v 0.0291022 -0.054749 0.0120546 
v 0.0261913 -0.054749 0.0175004 
v 0.0175005 -0.054749 0.0261912 
v -0.0120545 -0.054749 0.0291022 
v 0.0291022 -0.054749 0.0120546 
v 0.0261602 -0.0591397 0.0108359 
v 0.0308947 -0.054749 0.00614536 
v 0.0277715 -0.0591397 0.00552404 
v -0.0315 -0.054749 5.14697e-09 
v 0.0261913 -0.054749 0.0175004 
v 0.0235435 -0.0591397 0.0157313 
v 0.0291022 -0.054749 0.0120546 
v 0.0261602 -0.0591397 0.0108359 
v 0.0235435 -0.0591397 0.0157313 
v 0.0222739 -0.054749 0.0222739 
v 0.0200221 -0.0591397 0.0200222 
v 0.0261913 -0.054749 0.0175004 
v -0.0291022 -0.054749 -0.0120546 
v -0.0261913 -0.054749 -0.0175005 
v -0.0175005 -0.054749 -0.0261914 
v 0.0175005 -0.054749 -0.0261914 
v 0.0222739 -0.054749 -0.0222739 
v 0.0261913 -0.054749 -0.0175005 
v 0.0235435 -0.0591397 -0.0157313 
v 0.0200221 -0.0591397 -0.0200222 
v 0.0291022 -0.054749 -0.0120546 
v 0.0235435 -0.0591397 -0.0157313 
v 0.0261913 -0.054749 -0.0175005 
v 0.0261602 -0.0591397 -0.0108359 
v 0.0308947 -0.054749 -0.00614536 
v 0.0261602 -0.0591397 -0.0108359 
v 0.0291022 -0.054749 -0.0120546 
v 0.0277715 -0.0591397 -0.00552404 
v 0.0315 -0.054749 -3.60662e-10 
v 0.0277715 -0.0591397 -0.00552404 
v 0.0308947 -0.054749 -0.00614536 
v 0.0283156 -0.0591397 1.09656e-10 
v 0.0308947 -0.054749 0.00614536 
v 0.0277715 -0.0591397 0.00552404 
v 0.0315 -0.054749 -3.60662e-10 
v 0.0283156 -0.0591397 1.09656e-10 
v 0.0222169 -0.0682373 0.0222169 
v 0.0174557 -0.0682373 0.0261242 
v 0.0290277 -0.0682373 0.0120237 
v 0.0261243 -0.0682373 0.0174557 
v 0.0308157 -0.0682373 0.00612962 
v 0.0290277 -0.0682373 -0.0120237 
v 0.0308157 -0.0682373 -0.00612962 
v 0.0222169 -0.0682373 -0.0222168 
v 0.0222739 0.0682368 0.0222739 
v 0.0261913 -0.054749 0.0175004 
v 0.0261913 0.0682368 0.0175005 
v 0.0222739 -0.054749 0.0222739 
v 0.0261913 0.0682368 -0.0175004 
v 0.0222739 -0.054749 -0.0222739 
v 0.0222739 0.0682368 -0.0222739 
v 0.0261913 -0.054749 -0.0175005 
v 0.0261913 0.0682368 -0.0175004 
v 0.0291022 -0.054749 -0.0120546 
v 0.0261913 -0.054749 -0.0175005 
v 0.0291022 0.0682368 -0.0120546 
v 0.0291022 0.0682368 -0.0120546 
v 0.0308947 -0.054749 -0.00614536 
v 0.0291022 -0.054749 -0.0120546 
v 0.0308947 0.0682368 -0.00614536 
v 0.0308947 0.0682368 -0.00614536 
v 0.0315 -0.054749 -3.60662e-10 
v 0.0308947 -0.054749 -0.00614536 
v 0.0315 0.0682368 -5.73654e-09 
v 0.0315 0.0682368 -5.73654e-09 
v 0.0308947 -0.054749 0.00614536 
v 0.0315 -0.054749 -3.60662e-10 
v 0.0308947 0.0682368 0.00614535 
v 0.0308947 0.0682368 0.00614535 
v 0.0291022 -0.054749 0.0120546 
v 0.0308947 -0.054749 0.00614536 
v 0.0291022 0.0682368 0.0120546 
v 0.0291022 0.0682368 0.0120546 
v 0.0261913 -0.054749 0.0175004 
v 0.0291022 -0.054749 0.0120546 
v 0.0261913 0.0682368 0.0175005 
v 0.0120237 -0.0618663 0.0290277 
v 0.0261243 -0.0682373 0.0174557 
v 0.0290277 -0.0618663 0.0120237 
v 0.0261243 -0.0618663 0.0174557 
v 0.0290277 -0.0682373 0.0120237 
v 0.0222169 -0.0618663 0.0222169 
v 0.0222169 -0.0682373 0.0222169 
v 0.0261243 -0.0618663 0.0174557 
v 0.0261243 -0.0682373 0.0174557 
v 0.0174557 -0.0618663 -0.0261242 
v 0.0261243 -0.0618663 -0.0174557 
v 0.0261243 -0.0682373 -0.0174557 
v 0.0222169 -0.0618663 -0.0222168 
v 0.0222169 -0.0682373 -0.0222168 
v 0.0290277 -0.0618663 -0.0120237 
v 0.0290277 -0.0682373 -0.0120237 
v 0.0261243 -0.0618663 -0.0174557 
v 0.0261243 -0.0682373 -0.0174557 
v 0.0308157 -0.0682373 -0.00612962 
v 0.0290277 -0.0618663 -0.0120237 
v 0.0308157 -0.0618663 -0.00612962 
v 0.0290277 -0.0682373 -0.0120237 
v 0.0314194 -0.0618663 -4.25091e-11 
v 0.0314194 -0.0682373 2.35977e-10 
v 0.0308157 -0.0618663 -0.00612962 
v 0.0308157 -0.0682373 -0.00612962 
v 0.0308157 -0.0618663 0.00612962 
v 0.0308157 -0.0682373 0.00612962 
v 0.0314194 -0.0618663 -4.25091e-11 
v 0.0314194 -0.0682373 2.35977e-10 
v 0.0290277 -0.0618663 0.0120237 
v 0.0290277 -0.0682373 0.0120237 
v 0.0308157 -0.0618663 0.00612962 
v 0.0308157 -0.0682373 0.00612962 
v 0.0261602 -0.0618663 -0.0108359 
v 0.0235435 -0.0591397 -0.0157313 
v 0.0261602 -0.0591397 -0.0108359 
v 0.0235435 -0.0618663 -0.0157313 
v 0.0261602 -0.0591397 -0.0108359 
v 0.0277715 -0.0591397 -0.00552404 
v 0.0277715 -0.0618663 -0.00552404 
v 0.0261602 -0.0618663 -0.0108359 
v 0.0283156 -0.0618663 2.28837e-10 
v 0.0277715 -0.0591397 -0.00552404 
v 0.0283156 -0.0591397 1.09656e-10 
v 0.0277715 -0.0618663 -0.00552404 
v 0.0283156 -0.0591397 1.09656e-10 
v 0.0277715 -0.0591397 0.00552404 
v 0.0277715 -0.0618663 0.00552404 
v 0.0283156 -0.0618663 2.28837e-10 
v 0.0277715 -0.0591397 0.00552404 
v 0.0261602 -0.0591397 0.0108359 
v 0.0261602 -0.0618663 0.0108359 
v 0.0277715 -0.0618663 0.00552404 
v 0.0261602 -0.0591397 0.0108359 
v 0.0235435 -0.0591397 0.0157313 
v 0.0235435 -0.0618663 0.0157313 
v 0.0261602 -0.0618663 0.0108359 
v 0.0235435 -0.0591397 0.0157313 
v 0.0200221 -0.0591397 0.0200222 
v 0.0200221 -0.0618663 0.0200222 
v 0.0235435 -0.0618663 0.0157313 
v 0.0157313 -0.0618663 0.0235435 
v 0.0157313 -0.0618663 -0.0235435 
v 0.0200221 -0.0618663 -0.0200222 
v 0.0200221 -0.0591397 -0.0200222 
v 0.0235435 -0.0591397 -0.0157313 
v 0.0235435 -0.0618663 -0.0157313 
v 0.0200221 -0.0618663 -0.0200222 
v 0.0209174 -0.0492983 -0.0209174 
v 0.0164347 -0.0492983 -0.0245963 
v -0.0209174 -0.0492983 -0.0209174 
v 0.0273299 -0.0492983 -0.0113205 
v 0.0209174 -0.0492983 0.0209174 
v 0.0273299 -0.0492983 0.0113205 
v -0.02733 -0.0492983 -0.0113205 
v -0.02733 -0.0492983 0.0113205 
v -0.0290133 -0.0492983 0.00577116 
v -0.0209174 -0.0492983 0.0209174 
v -0.0245963 -0.0492983 0.0164347 
v 0.0113204 -0.0492983 0.0273299 
v -0.0164347 -0.0492983 0.0245963 
v -0.0295817 0.0682368 -3.9661e-10 
v -0.0295817 -0.0492983 4.74101e-09 
v -0.0290133 0.0682368 -0.00577116 
v -0.0290133 -0.0492983 -0.00577116 
v -0.0290133 0.0682368 -0.00577116 
v -0.0290133 -0.0492983 -0.00577116 
v -0.02733 0.0682368 -0.0113205 
v -0.02733 -0.0492983 -0.0113205 
v -0.02733 0.0682368 -0.0113205 
v -0.02733 -0.0492983 -0.0113205 
v -0.0245963 0.0682368 -0.0164347 
v -0.0245963 -0.0492983 -0.0164347 
v -0.0245963 0.0682368 -0.0164347 
v -0.0245963 -0.0492983 -0.0164347 
v -0.0209174 0.0682368 -0.0209174 
v -0.0209174 -0.0492983 -0.0209174 
v -0.0209174 0.0682368 0.0209174 
v -0.0209174 -0.0492983 0.0209174 
v -0.0245963 0.0682368 0.0164348 
v -0.0245963 -0.0492983 0.0164347 
v -0.0245963 0.0682368 0.0164348 
v -0.0245963 -0.0492983 0.0164347 
v -0.0273299 0.0682368 0.0113205 
v -0.02733 -0.0492983 0.0113205 
v -0.0273299 0.0682368 0.0113205 
v -0.02733 -0.0492983 0.0113205 
v -0.0290133 0.0682368 0.00577116 
v -0.0290133 -0.0492983 0.00577116 
v -0.0290133 0.0682368 0.00577116 
v -0.0290133 -0.0492983 0.00577116 
v -0.0295817 0.0682368 -3.9661e-10 
v -0.0295817 -0.0492983 4.74101e-09 
v -4.61646e-09 0.0682368 -0.0315 
v 0.00614534 0.0682368 -0.0308948 
v 0.0120545 0.0682368 -0.0291022 
v 0.0175005 0.0682368 -0.0261912 
v 0.0222739 0.0682368 -0.0222739 
v 0.0261913 0.0682368 -0.0175004 
v 0.0291022 0.0682368 -0.0120546 
v 0.0291022 0.0682368 0.0120546 
v 0.0245963 0.0682368 0.0164348 
v 0.0222739 0.0682368 0.0222739 
v 0.0175005 0.0682368 0.0261913 
v 0.0120545 0.0682368 0.0291022 
v 0.00614535 0.0682368 0.0308948 
v 8.9117e-10 0.0682368 0.0315 
v -0.00614534 0.0682368 0.0308948 
v -0.0120545 0.0682368 0.0291022 
v -0.0175005 0.0682368 0.0261914 
v -0.0222739 0.0682368 0.0222739 
v -0.0261913 0.0682368 0.0175005 
v -0.0261913 0.0682368 -0.0175004 
v -0.0209174 0.0682368 -0.0209174 
v -0.0222739 0.0682368 -0.0222739 
v -0.0175005 0.0682368 -0.0261912 
v -0.0120545 0.0682368 -0.0291022 
v -0.00614535 0.0682368 -0.0308948 
v 0.0291022 -0.054749 0.0120546 
v 0.0261913 -0.054749 0.0175004 
v 0.0175005 -0.054749 0.0261912 
v 0.00614535 -0.054749 0.0308948 
v 8.91171e-10 -0.054749 0.0315 
v -0.0120545 -0.054749 0.0291022 
v 0.0157313 -0.0591397 0.0235435 
v 0.0200221 -0.0591397 0.0200222 
v 0.0222739 -0.054749 0.0222739 
v 0.0175005 -0.054749 0.0261912 
v -0.0261913 -0.054749 -0.0175005 
v 0.0120545 -0.054749 0.0291022 
v 0.0157313 -0.0591397 0.0235435 
v 0.0175005 -0.054749 0.0261912 
v 0.0108359 -0.0591397 0.0261601 
v 0.00614535 -0.054749 0.0308948 
v 0.0108359 -0.0591397 0.0261601 
v 0.0120545 -0.054749 0.0291022 
v 0.00552409 -0.0591397 0.0277715 
v 8.91171e-10 -0.054749 0.0315 
v 0.00552409 -0.0591397 0.0277715 
v 0.00614535 -0.054749 0.0308948 
v 6.83886e-10 -0.0591397 0.0283155 
v -0.00614534 -0.054749 0.0308948 
v -0.00552409 -0.0591397 0.0277715 
v 8.91171e-10 -0.054749 0.0315 
v 6.83886e-10 -0.0591397 0.0283155 
v -0.0120545 -0.054749 0.0291022 
v -0.0108359 -0.0591397 0.0261601 
v -0.00614534 -0.054749 0.0308948 
v -0.00552409 -0.0591397 0.0277715 
v -0.0175005 -0.054749 0.0261912 
v -0.0157313 -0.0591397 0.0235435 
v -0.0120545 -0.054749 0.0291022 
v -0.0108359 -0.0591397 0.0261601 
v -0.0157313 -0.0591397 0.0235435 
v -0.0222739 -0.054749 0.0222739 
v -0.0200221 -0.0591397 0.0200222 
v -0.0175005 -0.054749 0.0261912 
v -4.61646e-09 -0.054749 -0.0315 
v 0.00614534 -0.054749 -0.0308948 
v -0.0175005 -0.054749 -0.0261914 
v 0.0175005 -0.054749 -0.0261914 
v -0.0120545 -0.054749 -0.0291022 
v 0.0291022 -0.054749 -0.0120546 
v 0.0120237 -0.0682373 0.0290277 
v 0.0222169 -0.0682373 0.0222169 
v 0.0174557 -0.0682373 0.0261242 
v 0.0261243 -0.0682373 0.0174557 
v 0.00612962 -0.0682373 0.0308157 
v -0.0120237 -0.0682373 0.0290277 
v -0.00612962 -0.0682373 0.0308157 
v -0.0222169 -0.0682373 0.0222169 
v -0.0261243 -0.0682373 0.0174557 
v 0.0175005 0.0682368 0.0261913 
v 0.0222739 -0.054749 0.0222739 
v 0.0222739 0.0682368 0.0222739 
v 0.0175005 -0.054749 0.0261912 
v 0.0120545 0.0682368 0.0291022 
v 0.0175005 -0.054749 0.0261912 
v 0.0175005 0.0682368 0.0261913 
v 0.0120545 -0.054749 0.0291022 
v 0.00614535 0.0682368 0.0308948 
v 0.0120545 -0.054749 0.0291022 
v 0.0120545 0.0682368 0.0291022 
v 0.00614535 -0.054749 0.0308948 
v 8.9117e-10 0.0682368 0.0315 
v 0.00614535 -0.054749 0.0308948 
v 0.00614535 0.0682368 0.0308948 
v 8.91171e-10 -0.054749 0.0315 
v -0.00614534 0.0682368 0.0308948 
v 8.91171e-10 -0.054749 0.0315 
v 8.9117e-10 0.0682368 0.0315 
v -0.00614534 -0.054749 0.0308948 
v -0.0120545 0.0682368 0.0291022 
v -0.00614534 -0.054749 0.0308948 
v -0.00614534 0.0682368 0.0308948 
v -0.0120545 -0.054749 0.0291022 
v -0.0175005 0.0682368 0.0261914 
v -0.0120545 -0.054749 0.0291022 
v -0.0120545 0.0682368 0.0291022 
v -0.0175005 -0.054749 0.0261912 
v -0.0222739 0.0682368 0.0222739 
v -0.0175005 -0.054749 0.0261912 
v -0.0175005 0.0682368 0.0261914 
v -0.0222739 -0.054749 0.0222739 
v 0.00612962 -0.0618663 0.0308157 
v 0.0120237 -0.0682373 0.0290277 
v 0.0120237 -0.0618663 0.0290277 
v 0.00612962 -0.0682373 0.0308157 
v 8.98916e-10 -0.0618663 0.0314194 
v 0.00612962 -0.0682373 0.0308157 
v 0.00612962 -0.0618663 0.0308157 
v 3.06431e-10 -0.0682373 0.0314194 
v -0.00612962 -0.0618663 0.0308157 
v 3.06431e-10 -0.0682373 0.0314194 
v 8.98916e-10 -0.0618663 0.0314194 
v -0.00612962 -0.0682373 0.0308157 
v -0.0120237 -0.0618663 0.0290277 
v -0.00612962 -0.0682373 0.0308157 
v -0.00612962 -0.0618663 0.0308157 
v -0.0120237 -0.0682373 0.0290277 
v -0.0174557 -0.0618663 0.0261242 
v -0.0120237 -0.0682373 0.0290277 
v -0.0120237 -0.0618663 0.0290277 
v -0.0174557 -0.0682373 0.0261242 
v -0.0222169 -0.0618663 0.0222169 
v -0.0222169 -0.0682373 0.0222169 
v -0.0174557 -0.0618663 0.0261242 
v -0.0174557 -0.0682373 0.0261242 
v -0.0261243 -0.0618663 0.0174557 
v -0.0290277 -0.0618663 0.0120237 
v 0.0290277 -0.0618663 0.0120237 
v 0.0261243 -0.0618663 0.0174557 
v 0.0222169 -0.0618663 0.0222169 
v 0.0174557 -0.0618663 0.0261242 
v 0.0174557 -0.0682373 0.0261242 
v 0.0222169 -0.0618663 0.0222169 
v 0.0222169 -0.0682373 0.0222169 
v 0.0120237 -0.0618663 0.0290277 
v 0.0174557 -0.0682373 0.0261242 
v 0.0174557 -0.0618663 0.0261242 
v 0.0120237 -0.0682373 0.0290277 
v -0.00552409 -0.0591397 0.0277715 
v 5.82083e-10 -0.0618663 0.0283155 
v 6.83886e-10 -0.0591397 0.0283155 
v -0.00552409 -0.0618663 0.0277715 
v -0.00552409 -0.0591397 0.0277715 
v -0.0108359 -0.0591397 0.0261601 
v -0.0108359 -0.0618663 0.0261601 
v -0.00552409 -0.0618663 0.0277715 
v -0.0157313 -0.0618663 0.0235435 
v -0.0108359 -0.0591397 0.0261601 
v -0.0157313 -0.0591397 0.0235435 
v -0.0108359 -0.0618663 0.0261601 
v -0.0157313 -0.0591397 0.0235435 
v -0.0200221 -0.0591397 0.0200222 
v -0.0200221 -0.0618663 0.0200222 
v -0.0157313 -0.0618663 0.0235435 
v -0.0235435 -0.0618663 0.0157313 
v 0.0235435 -0.0618663 0.0157313 
v 0.0200221 -0.0618663 0.0200222 
v 0.0200221 -0.0591397 0.0200222 
v 0.0157313 -0.0591397 0.0235435 
v 0.0157313 -0.0618663 0.0235435 
v 0.0200221 -0.0618663 0.0200222 
v 0.0157313 -0.0591397 0.0235435 
v 0.0108359 -0.0591397 0.0261601 
v 0.0108359 -0.0618663 0.0261601 
v 0.0157313 -0.0618663 0.0235435 
v 0.0108359 -0.0591397 0.0261601 
v 0.00552409 -0.0591397 0.0277715 
v 0.00552409 -0.0618663 0.0277715 
v 0.0108359 -0.0618663 0.0261601 
v 6.83886e-10 -0.0591397 0.0283155 
v 0.00552409 -0.0618663 0.0277715 
v 0.00552409 -0.0591397 0.0277715 
v 5.82083e-10 -0.0618663 0.0283155 
v -0.0113204 -0.0492983 -0.0273299 
v 0.0113204 -0.0492983 -0.0273299 
v 0.0057711 -0.0492983 -0.0290133 
v 0.0209174 -0.0492983 -0.0209174 
v 0.0164347 -0.0492983 -0.0245963 
v -0.0209174 -0.0492983 -0.0209174 
v 0.0245963 -0.0492983 -0.0164347 
v 0.0209174 -0.0492983 0.0209174 
v -0.02733 -0.0492983 0.0113205 
v -0.0209174 -0.0492983 0.0209174 
v -0.0245963 -0.0492983 0.0164347 
v 0.0113204 -0.0492983 0.0273299 
v -0.0113204 -0.0492983 0.0273299 
v 0.0113204 0.0682368 -0.0273299 
v 0.0164347 -0.0492983 -0.0245963 
v 0.0164347 0.0682368 -0.0245963 
v 0.0113204 -0.0492983 -0.0273299 
v -0.0164347 0.0682368 -0.0245963 
v -0.0113204 -0.0492983 -0.0273299 
v -0.0113204 0.0682368 -0.0273299 
v -0.0113204 -0.0492983 -0.0273299 
v -0.0164347 0.0682368 -0.0245963 
v -0.0164347 -0.0492983 -0.0245963 
v 0.0164347 0.0682368 -0.0245963 
v 0.0209174 -0.0492983 -0.0209174 
v 0.0209174 0.0682368 -0.0209174 
v 0.0164347 -0.0492983 -0.0245963 
v -0.0113204 0.0682368 -0.0273299 
v -0.00577112 -0.0492983 -0.0290133 
v -0.00577111 0.0682368 -0.0290133 
v -0.00577112 -0.0492983 -0.0290133 
v -0.0113204 0.0682368 -0.0273299 
v -0.0113204 -0.0492983 -0.0273299 
v -0.00577111 0.0682368 -0.0290133 
v -7.12928e-09 -0.0492983 -0.0295818 
v -4.44876e-09 0.0682368 -0.0295817 
v -0.00577112 -0.0492983 -0.0290133 
v -4.44876e-09 0.0682368 -0.0295817 
v 0.0057711 -0.0492983 -0.0290133 
v 0.0057711 0.0682368 -0.0290133 
v -7.12928e-09 -0.0492983 -0.0295818 
v 0.0057711 0.0682368 -0.0290133 
v 0.0113204 -0.0492983 -0.0273299 
v 0.0113204 0.0682368 -0.0273299 
v 0.0057711 -0.0492983 -0.0290133 
v -0.0209174 0.0682368 -0.0209174 
v -0.0164347 -0.0492983 -0.0245963 
v -0.0164347 0.0682368 -0.0245963 
v -0.0209174 -0.0492983 -0.0209174 
v -4.61646e-09 0.0682368 -0.0315 
v 0.0057711 0.0682368 -0.0290133 
v 0.00614534 0.0682368 -0.0308948 
v -4.44876e-09 0.0682368 -0.0295817 
v 0.0120545 0.0682368 -0.0291022 
v 0.00614534 0.0682368 -0.0308948 
v 0.0057711 0.0682368 -0.0290133 
v 0.0113204 0.0682368 -0.0273299 
v 0.0164347 0.0682368 -0.0245963 
v 0.0120545 0.0682368 -0.0291022 
v 0.0113204 0.0682368 -0.0273299 
v 0.0175005 0.0682368 -0.0261912 
v 0.0222739 0.0682368 -0.0222739 
v 0.0164347 0.0682368 -0.0245963 
v 0.0209174 0.0682368 -0.0209174 
v 0.0175005 0.0682368 -0.0261912 
v 0.0245963 0.0682368 -0.0164347 
v 0.0222739 0.0682368 -0.0222739 
v 0.0209174 0.0682368 -0.0209174 
v 0.0261913 0.0682368 -0.0175004 
v 0.0245963 0.0682368 -0.0164347 
v 0.0273299 0.0682368 -0.0113205 
v 0.0291022 0.0682368 -0.0120546 
v 0.0261913 0.0682368 -0.0175004 
v 0.0290133 0.0682368 -0.00577117 
v 0.0291022 0.0682368 -0.0120546 
v 0.0273299 0.0682368 -0.0113205 
v 0.0308947 0.0682368 -0.00614536 
v 0.0315 0.0682368 -5.73654e-09 
v 0.0295817 0.0682368 -5.56884e-09 
v 0.0290133 0.0682368 0.00577116 
v 0.0308947 0.0682368 0.00614535 
v 0.0291022 0.0682368 0.0120546 
v 0.02733 0.0682368 0.0113205 
v 0.0291022 0.0682368 0.0120546 
v 0.0245963 0.0682368 0.0164348 
v 0.0261913 0.0682368 0.0175005 
v 0.02733 0.0682368 0.0113205 
v 0.0222739 0.0682368 0.0222739 
v 0.0261913 0.0682368 0.0175005 
v 0.0245963 0.0682368 0.0164348 
v 0.0209174 0.0682368 0.0209174 
v 0.0222739 0.0682368 0.0222739 
v 0.0164347 0.0682368 0.0245963 
v 0.0175005 0.0682368 0.0261913 
v 0.0209174 0.0682368 0.0209174 
v 0.0120545 0.0682368 0.0291022 
v 0.0164347 0.0682368 0.0245963 
v 0.0113204 0.0682368 0.0273299 
v 0.0175005 0.0682368 0.0261913 
v 0.00577111 0.0682368 0.0290133 
v 0.0120545 0.0682368 0.0291022 
v 0.0113204 0.0682368 0.0273299 
v 0.00614535 0.0682368 0.0308948 
v 8.9117e-10 0.0682368 0.0315 
v 0.00577111 0.0682368 0.0290133 
v 7.23476e-10 0.0682368 0.0295818 
v 0.00614535 0.0682368 0.0308948 
v -0.00577111 0.0682368 0.0290133 
v 8.9117e-10 0.0682368 0.0315 
v 7.23476e-10 0.0682368 0.0295818 
v -0.00614534 0.0682368 0.0308948 
v -0.00577111 0.0682368 0.0290133 
v -0.0113204 0.0682368 0.0273299 
v -0.0120545 0.0682368 0.0291022 
v -0.00614534 0.0682368 0.0308948 
v -0.0120545 0.0682368 0.0291022 
v -0.0164347 0.0682368 0.0245963 
v -0.0175005 0.0682368 0.0261914 
v -0.0113204 0.0682368 0.0273299 
v -0.0222739 0.0682368 0.0222739 
v -0.0175005 0.0682368 0.0261914 
v -0.0164347 0.0682368 0.0245963 
v -0.0209174 0.0682368 0.0209174 
v -0.0222739 0.0682368 0.0222739 
v -0.0245963 0.0682368 0.0164348 
v -0.0261913 0.0682368 0.0175005 
v -0.0209174 0.0682368 0.0209174 
v -0.0291022 0.0682368 0.0120546 
v -0.0261913 0.0682368 0.0175005 
v -0.0245963 0.0682368 0.0164348 
v -0.0273299 0.0682368 0.0113205 
v -0.0291022 0.0682368 0.0120546 
v -0.0290133 0.0682368 0.00577116 
v -0.0308947 0.0682368 0.00614536 
v -0.0273299 0.0682368 0.0113205 
v -0.0315 0.0682368 -2.28909e-10 
v -0.0295817 0.0682368 -3.9661e-10 
v -0.0290133 0.0682368 -0.00577116 
v -0.0308947 0.0682368 -0.00614536 
v -0.0291022 0.0682368 -0.0120546 
v -0.02733 0.0682368 -0.0113205 
v -0.0245963 0.0682368 -0.0164347 
v -0.0291022 0.0682368 -0.0120546 
v -0.02733 0.0682368 -0.0113205 
v -0.0261913 0.0682368 -0.0175004 
v -0.0245963 0.0682368 -0.0164347 
v -0.0209174 0.0682368 -0.0209174 
v -0.0222739 0.0682368 -0.0222739 
v -0.0261913 0.0682368 -0.0175004 
v -0.0222739 0.0682368 -0.0222739 
v -0.0164347 0.0682368 -0.0245963 
v -0.0175005 0.0682368 -0.0261912 
v -0.0209174 0.0682368 -0.0209174 
v -0.0120545 0.0682368 -0.0291022 
v -0.0175005 0.0682368 -0.0261912 
v -0.0164347 0.0682368 -0.0245963 
v -0.0113204 0.0682368 -0.0273299 
v -0.0120545 0.0682368 -0.0291022 
v -0.00577111 0.0682368 -0.0290133 
v -0.00614535 0.0682368 -0.0308948 
v -0.0113204 0.0682368 -0.0273299 
v -4.61646e-09 0.0682368 -0.0315 
v -0.00614535 0.0682368 -0.0308948 
v -0.00577111 0.0682368 -0.0290133 
v -4.44876e-09 0.0682368 -0.0295817 
v -0.0308947 -0.054749 0.00614536 
v 0.0315 -0.054749 -3.60662e-10 
v 0.0291022 -0.054749 0.0120546 
v -0.0120545 -0.054749 0.0291022 
v -0.0291022 -0.054749 -0.0120546 
v -4.61646e-09 -0.054749 -0.0315 
v 0.00614534 -0.054749 -0.0308948 
v 0.0175005 -0.054749 -0.0261914 
v -0.0120545 -0.054749 -0.0291022 
v 0.0291022 -0.054749 -0.0120546 
v 0.0120237 -0.0618663 0.0290277 
v -0.0120237 -0.0618663 0.0290277 
v -0.0261243 -0.0618663 0.0174557 
v 0.0290277 -0.0618663 0.0120237 
v -0.0174557 -0.0618663 -0.0261242 
v 0.0174557 -0.0618663 -0.0261242 
v 0.0290277 -0.0618663 -0.0120237 
v -0.0261243 -0.0618663 -0.0174557 
v 5.82083e-10 -0.0618663 0.0283155 
v -0.0108359 -0.0618663 0.0261601 
v -0.0108359 -0.0618663 -0.0261601 
v 0.0261602 -0.0618663 -0.0108359 
v 0.0235435 -0.0618663 -0.0157313 
v -0.0200221 -0.0618663 0.0200222 
v -0.0235435 -0.0618663 0.0157313 
v 0.0283156 -0.0618663 2.28837e-10 
v 0.0277715 -0.0618663 0.00552404 
v 0.0235435 -0.0618663 0.0157313 
v -0.0261602 -0.0618663 -0.0108359 
v 0.0157313 -0.0618663 0.0235435 
v -0.0200221 -0.0618663 -0.0200222 
v 0.00552409 -0.0618663 0.0277715 
v 0.0157313 -0.0618663 -0.0235435 
v -0.0113204 -0.0492983 -0.0273299 
v 0.0113204 -0.0492983 -0.0273299 
v -7.12928e-09 -0.0492983 -0.0295818 
v 0.0057711 -0.0492983 -0.0290133 
v -0.00577112 -0.0492983 -0.0290133 
v 0.0209174 -0.0492983 -0.0209174 
v 0.0164347 -0.0492983 -0.0245963 
v -0.0209174 -0.0492983 -0.0209174 
v -0.0164347 -0.0492983 -0.0245963 
v 0.0273299 -0.0492983 -0.0113205 
v 0.0245963 -0.0492983 -0.0164347 
v 0.0209174 -0.0492983 0.0209174 
v 0.0295817 -0.0492983 -4.3122e-10 
v 0.0290133 -0.0492983 -0.00577116 
v 0.0273299 -0.0492983 0.0113205 
v 0.0290133 -0.0492983 0.00577116 
v 0.0245963 -0.0492983 0.0164347 
v -0.02733 -0.0492983 -0.0113205 
v -0.0245963 -0.0492983 -0.0164347 
v -0.0295817 -0.0492983 4.74101e-09 
v -0.0290133 -0.0492983 -0.00577116 
v -0.02733 -0.0492983 0.0113205 
v -0.0290133 -0.0492983 0.00577116 
v -0.0209174 -0.0492983 0.0209174 
v -0.0245963 -0.0492983 0.0164347 
v 0.0113204 -0.0492983 0.0273299 
v 0.0164347 -0.0492983 0.0245963 
v -0.0113204 -0.0492983 0.0273299 
v -0.0164347 -0.0492983 0.0245963 
v -1.95704e-09 -0.0492983 0.0295817 
v -0.00577111 -0.0492983 0.0290133 
v 0.00577111 -0.0492983 0.0290133 
v 0.0261243 -0.0618663 0.0174557 
v 0.0200221 -0.0618663 0.0200222 
v 0.0222169 -0.0618663 0.0222169 
v 0.0235435 -0.0618663 0.0157313 
v -0.0290277 -0.0618663 -0.0120237 
v -0.0277715 -0.0618663 -0.00552403 
v -0.0261602 -0.0618663 -0.0108359 
v -0.0308157 -0.0618663 -0.00612962 
v 0.0222169 -0.0618663 0.0222169 
v 0.0157313 -0.0618663 0.0235435 
v 0.0174557 -0.0618663 0.0261242 
v 0.0200221 -0.0618663 0.0200222 
v -0.0261243 -0.0618663 -0.0174557 
v -0.0261602 -0.0618663 -0.0108359 
v -0.0235435 -0.0618663 -0.0157313 
v -0.0290277 -0.0618663 -0.0120237 
v 0.0108359 -0.0618663 0.0261601 
v 0.0174557 -0.0618663 0.0261242 
v 0.0157313 -0.0618663 0.0235435 
v 0.0120237 -0.0618663 0.0290277 
v -4.59463e-09 -0.0618663 -0.0314194 
v 0.00552409 -0.0618663 -0.0277715 
v 0.00612961 -0.0618663 -0.0308157 
v -4.36876e-09 -0.0618663 -0.0283155 
v -0.0235435 -0.0618663 -0.0157313 
v -0.0200221 -0.0618663 -0.0200222 
v -0.0222169 -0.0618663 -0.0222168 
v -0.0261243 -0.0618663 -0.0174557 
v 0.00552409 -0.0618663 0.0277715 
v 0.0120237 -0.0618663 0.0290277 
v 0.0108359 -0.0618663 0.0261601 
v 0.00612962 -0.0618663 0.0308157 
v 0.00612961 -0.0618663 -0.0308157 
v 0.0108359 -0.0618663 -0.0261601 
v 0.0120237 -0.0618663 -0.0290277 
v 0.00552409 -0.0618663 -0.0277715 
v -0.0200221 -0.0618663 -0.0200222 
v -0.0157313 -0.0618663 -0.0235435 
v -0.0174557 -0.0618663 -0.0261242 
v -0.0222169 -0.0618663 -0.0222168 
v 5.82083e-10 -0.0618663 0.0283155 
v 0.00612962 -0.0618663 0.0308157 
v 0.00552409 -0.0618663 0.0277715 
v 8.98916e-10 -0.0618663 0.0314194 
v 0.0157313 -0.0618663 -0.0235435 
v 0.0120237 -0.0618663 -0.0290277 
v 0.0108359 -0.0618663 -0.0261601 
v 0.0174557 -0.0618663 -0.0261242 
v -0.0120237 -0.0618663 -0.0290277 
v -0.0174557 -0.0618663 -0.0261242 
v -0.0157313 -0.0618663 -0.0235435 
v -0.0108359 -0.0618663 -0.0261601 
v 5.82083e-10 -0.0618663 0.0283155 
v -0.00552409 -0.0618663 0.0277715 
v -0.00612962 -0.0618663 0.0308157 
v 8.98916e-10 -0.0618663 0.0314194 
v 0.0200221 -0.0618663 -0.0200222 
v 0.0174557 -0.0618663 -0.0261242 
v 0.0157313 -0.0618663 -0.0235435 
v 0.0222169 -0.0618663 -0.0222168 
v -0.00612962 -0.0618663 -0.0308157 
v -0.0120237 -0.0618663 -0.0290277 
v -0.0108359 -0.0618663 -0.0261601 
v -0.00552409 -0.0618663 -0.0277715 
v -0.00552409 -0.0618663 0.0277715 
v -0.0108359 -0.0618663 0.0261601 
v -0.0120237 -0.0618663 0.0290277 
v -0.00612962 -0.0618663 0.0308157 
v 0.0235435 -0.0618663 -0.0157313 
v 0.0222169 -0.0618663 -0.0222168 
v 0.0200221 -0.0618663 -0.0200222 
v 0.0261243 -0.0618663 -0.0174557 
v -4.59463e-09 -0.0618663 -0.0314194 
v -0.00612962 -0.0618663 -0.0308157 
v -0.00552409 -0.0618663 -0.0277715 
v -4.36876e-09 -0.0618663 -0.0283155 
v -0.0174557 -0.0618663 0.0261242 
v -0.0120237 -0.0618663 0.0290277 
v -0.0108359 -0.0618663 0.0261601 
v -0.0157313 -0.0618663 0.0235435 
v 0.0261602 -0.0618663 -0.0108359 
v 0.0261243 -0.0618663 -0.0174557 
v 0.0235435 -0.0618663 -0.0157313 
v 0.0290277 -0.0618663 -0.0120237 
v -0.0222169 -0.0618663 0.0222169 
v -0.0174557 -0.0618663 0.0261242 
v -0.0157313 -0.0618663 0.0235435 
v -0.0200221 -0.0618663 0.0200222 
v 0.0277715 -0.0618663 -0.00552404 
v 0.0290277 -0.0618663 -0.0120237 
v 0.0261602 -0.0618663 -0.0108359 
v 0.0308157 -0.0618663 -0.00612962 
v -0.0261243 -0.0618663 0.0174557 
v -0.0222169 -0.0618663 0.0222169 
v -0.0200221 -0.0618663 0.0200222 
v -0.0235435 -0.0618663 0.0157313 
v 0.0308157 -0.0618663 -0.00612962 
v 0.0283156 -0.0618663 2.28837e-10 
v 0.0314194 -0.0618663 -4.25091e-11 
v 0.0277715 -0.0618663 -0.00552404 
v -0.0290277 -0.0618663 0.0120237 
v -0.0261243 -0.0618663 0.0174557 
v -0.0235435 -0.0618663 0.0157313 
v -0.0261602 -0.0618663 0.0108359 
v 0.0314194 -0.0618663 -4.25091e-11 
v 0.0277715 -0.0618663 0.00552404 
v 0.0308157 -0.0618663 0.00612962 
v 0.0283156 -0.0618663 2.28837e-10 
v -0.0308157 -0.0618663 0.00612963 
v -0.0290277 -0.0618663 0.0120237 
v -0.0261602 -0.0618663 0.0108359 
v -0.0277715 -0.0618663 0.00552404 
v 0.0308157 -0.0618663 0.00612962 
v 0.0261602 -0.0618663 0.0108359 
v 0.0290277 -0.0618663 0.0120237 
v 0.0277715 -0.0618663 0.00552404 
v -0.0314194 -0.0618663 5.45103e-09 
v -0.0277715 -0.0618663 0.00552404 
v -0.0283156 -0.0618663 5.17969e-09 
v -0.0308157 -0.0618663 0.00612963 
v 0.0290277 -0.0618663 0.0120237 
v 0.0235435 -0.0618663 0.0157313 
v 0.0261243 -0.0618663 0.0174557 
v 0.0261602 -0.0618663 0.0108359 
v -0.0308157 -0.0618663 -0.00612962 
v -0.0283156 -0.0618663 5.17969e-09 
v -0.0277715 -0.0618663 -0.00552403 
v -0.0314194 -0.0618663 5.45103e-09 

vn 0 1 0 
vn 0 1 0 
vn 0 1 0 
vn 0 1 0 
vn 0 1 0 
vn 0 1 0 
vn 0 1 0 
vn 0 1 0 
vn 0 1 0 
vn 0 1 0 
vn 0 1 0 
vn 0 1 0 
vn 0 1 0 
vn 0 1 0 
vn 0 1 0 
vn 0 1 0 
vn 0 1 0 
vn 0 1 0 
vn 0 1 0 
vn 0 1 0 
vn 0 1 0 
vn 0 1 0 
vn 0 1 0 
vn 0 1 0 
vn -0.779528 -0.582677 0.23622 
vn -0.779528 -0.582677 0.23622 
vn -0.779528 -0.582677 0.23622 
vn -0.779528 -0.582677 0.23622 
vn 0 1 0 
vn 0 1 0 
vn 0 1 0 
vn 0 1 0 
vn 0 1 0 
vn 0 1 0 
vn -0.80315 -0.582677 0.0787402 
vn -0.80315 -0.582677 0.0787402 
vn -0.80315 -0.582677 0.0787402 
vn -0.80315 -0.582677 0.0787402 
vn -0.80315 -0.582677 -0.0787402 
vn -0.80315 -0.582677 -0.0787402 
vn -0.80315 -0.582677 -0.0787402 
vn -0.80315 -0.582677 -0.0787402 
vn -0.779528 -0.582677 -0.23622 
vn -0.779528 -0.582677 -0.23622 
vn -0.779528 -0.582677 -0.23622 
vn -0.779528 -0.582677 -0.23622 
vn -0.716535 -0.582677 -0.385827 
vn -0.716535 -0.582677 -0.385827 
vn -0.716535 -0.582677 -0.385827 
vn -0.716535 -0.582677 -0.385827 
vn -0.629921 -0.582677 0.511811 
vn -0.629921 -0.582677 0.511811 
vn -0.629921 -0.582677 0.511811 
vn -0.629921 -0.582677 0.511811 
vn -0.716535 -0.582677 0.385827 
vn -0.716535 -0.582677 0.385827 
vn -0.716535 -0.582677 0.385827 
vn -0.716535 -0.582677 0.385827 
vn -0.629921 -0.582677 -0.511811 
vn -0.629921 -0.582677 -0.511811 
vn -0.629921 -0.582677 -0.511811 
vn -0.629921 -0.582677 -0.511811 
vn -0.511811 -0.582677 -0.629921 
vn 0.385827 -0.582677 -0.716535 
vn -0.385827 -0.582677 -0.716535 
vn 0.716535 -0.582677 -0.385827 
vn 0.779528 -0.582677 -0.23622 
vn 0 -1 0 
vn 0 -1 0 
vn 0 -1 0 
vn 0 -1 0 
vn 0 -1 0 
vn 0 -1 0 
vn 0 -1 0 
vn 0 -1 0 
vn 0 -1 0 
vn -0.771654 0 0.637795 
vn -0.771654 0 0.637795 
vn -0.771654 0 0.637795 
vn -0.771654 0 0.637795 
vn -0.88189 0 0.472441 
vn -0.88189 0 0.472441 
vn -0.88189 0 0.472441 
vn -0.88189 0 0.472441 
vn -0.96063 0 0.291339 
vn -0.96063 0 0.291339 
vn -0.96063 0 0.291339 
vn -0.96063 0 0.291339 
vn -0.992126 0 0.0944882 
vn -0.992126 0 0.0944882 
vn -0.992126 0 0.0944882 
vn -0.992126 0 0.0944882 
vn -0.992126 0 -0.0944882 
vn -0.992126 0 -0.0944882 
vn -0.992126 0 -0.0944882 
vn -0.992126 0 -0.0944882 
vn -0.96063 0 -0.291339 
vn -0.96063 0 -0.291339 
vn -0.96063 0 -0.291339 
vn -0.96063 0 -0.291339 
vn -0.88189 0 -0.472441 
vn -0.88189 0 -0.472441 
vn -0.88189 0 -0.472441 
vn -0.88189 0 -0.472441 
vn -0.771654 0 -0.637795 
vn -0.771654 0 -0.637795 
vn -0.771654 0 -0.637795 
vn -0.771654 0 -0.637795 
vn -0.291339 0 0.96063 
vn -0.472441 0 0.88189 
vn -0.771654 0 0.637795 
vn -0.771654 0 0.637795 
vn -0.771654 0 0.637795 
vn -0.771654 0 0.637795 
vn -0.88189 0 0.472441 
vn -0.88189 0 0.472441 
vn -0.88189 0 0.472441 
vn -0.88189 0 0.472441 
vn -0.96063 0 0.291339 
vn -0.96063 0 0.291339 
vn -0.96063 0 0.291339 
vn -0.96063 0 0.291339 
vn -0.992126 0 0.0944882 
vn -0.992126 0 0.0944882 
vn -0.992126 0 0.0944882 
vn -0.992126 0 0.0944882 
vn -0.992126 0 -0.0944882 
vn -0.992126 0 -0.0944882 
vn -0.992126 0 -0.0944882 
vn -0.992126 0 -0.0944882 
vn -0.96063 0 -0.291339 
vn -0.96063 0 -0.291339 
vn -0.96063 0 -0.291339 
vn -0.96063 0 -0.291339 
vn -0.637795 0 -0.771654 
vn -0.637795 0 -0.771654 
vn -0.291339 0 -0.96063 
vn -0.88189 0 -0.472441 
vn -0.88189 0 -0.472441 
vn -0.88189 0 -0.472441 
vn -0.88189 0 -0.472441 
vn -0.771654 0 -0.637795 
vn -0.771654 0 -0.637795 
vn -0.771654 0 -0.637795 
vn -0.771654 0 -0.637795 
vn -0.637795 0 0.771654 
vn -0.771654 0 0.637795 
vn -0.771654 0 0.637795 
vn -0.771654 0 0.637795 
vn -0.771654 0 0.637795 
vn -0.88189 0 0.472441 
vn -0.88189 0 0.472441 
vn -0.88189 0 0.472441 
vn -0.88189 0 0.472441 
vn -0.96063 0 0.291339 
vn -0.96063 0 0.291339 
vn -0.96063 0 0.291339 
vn -0.96063 0 0.291339 
vn -0.992126 0 0.0944882 
vn -0.992126 0 0.0944882 
vn -0.992126 0 0.0944882 
vn -0.992126 0 0.0944882 
vn -0.992126 0 -0.0944882 
vn -0.992126 0 -0.0944882 
vn -0.992126 0 -0.0944882 
vn -0.992126 0 -0.0944882 
vn -0.96063 0 -0.291339 
vn -0.96063 0 -0.291339 
vn -0.96063 0 -0.291339 
vn -0.96063 0 -0.291339 
vn -0.88189 0 -0.472441 
vn -0.88189 0 -0.472441 
vn -0.88189 0 -0.472441 
vn -0.88189 0 -0.472441 
vn -0.771654 0 -0.637795 
vn -0.771654 0 -0.637795 
vn -0.771654 0 -0.637795 
vn -0.771654 0 -0.637795 
vn 0 1 0 
vn 0 1 0 
vn 0 1 0 
vn 0 1 0 
vn 0 1 0 
vn 0 1 0 
vn 0 1 0 
vn 0 1 0 
vn 0 1 0 
vn 0 1 0 
vn 0 1 0 
vn 0 1 0 
vn 0 1 0 
vn -0.771654 0 0.637795 
vn -0.771654 0 0.637795 
vn -0.771654 0 0.637795 
vn -0.771654 0 0.637795 
vn -0.88189 0 0.472441 
vn -0.88189 0 0.472441 
vn -0.88189 0 0.472441 
vn -0.88189 0 0.472441 
vn -0.96063 0 0.291339 
vn -0.96063 0 0.291339 
vn -0.96063 0 0.291339 
vn -0.96063 0 0.291339 
vn -0.992126 0 0.0944882 
vn -0.992126 0 0.0944882 
vn -0.992126 0 0.0944882 
vn -0.992126 0 0.0944882 
vn -0.992126 0 -0.0944882 
vn -0.992126 0 -0.0944882 
vn -0.992126 0 -0.0944882 
vn -0.992126 0 -0.0944882 
vn -0.96063 0 -0.291339 
vn -0.96063 0 -0.291339 
vn -0.96063 0 -0.291339 
vn -0.96063 0 -0.291339 
vn -0.88189 0 -0.472441 
vn -0.88189 0 -0.472441 
vn -0.88189 0 -0.472441 
vn -0.88189 0 -0.472441 
vn -0.771654 0 -0.637795 
vn -0.771654 0 -0.637795 
vn -0.771654 0 -0.637795 
vn -0.771654 0 -0.637795 
vn 0 1 0 
vn 0 1 0 
vn 0 1 0 
vn 0 1 0 
vn 0 1 0 
vn 0 1 0 
vn 0 1 0 
vn 0 1 0 
vn 0 1 0 
vn 0 1 0 
vn 0 1 0 
vn 0 1 0 
vn 0 1 0 
vn 0 1 0 
vn 0 1 0 
vn 0 1 0 
vn 0 1 0 
vn 0 1 0 
vn 0 1 0 
vn 0 1 0 
vn 0 1 0 
vn 0 1 0 
vn 0 1 0 
vn 0 1 0 
vn 0 1 0 
vn 0 1 0 
vn 0 1 0 
vn 0 1 0 
vn 0 1 0 
vn 0 1 0 
vn -0.779528 -0.582677 -0.23622 
vn -0.716535 -0.582677 -0.385827 
vn 0.0787402 -0.582677 -0.80315 
vn 0.0787402 -0.582677 -0.80315 
vn 0.0787402 -0.582677 -0.80315 
vn 0.0787402 -0.582677 -0.80315 
vn 0.23622 -0.582677 -0.779528 
vn 0.23622 -0.582677 -0.779528 
vn 0.23622 -0.582677 -0.779528 
vn 0.23622 -0.582677 -0.779528 
vn -0.511811 -0.582677 -0.629921 
vn -0.511811 -0.582677 -0.629921 
vn -0.511811 -0.582677 -0.629921 
vn -0.511811 -0.582677 -0.629921 
vn 0.385827 -0.582677 -0.716535 
vn 0.385827 -0.582677 -0.716535 
vn 0.385827 -0.582677 -0.716535 
vn 0.385827 -0.582677 -0.716535 
vn -0.385827 -0.582677 -0.716535 
vn -0.385827 -0.582677 -0.716535 
vn -0.385827 -0.582677 -0.716535 
vn -0.385827 -0.582677 -0.716535 
vn 0.511811 -0.582677 -0.629921 
vn 0.511811 -0.582677 -0.629921 
vn 0.511811 -0.582677 -0.629921 
vn 0.511811 -0.582677 -0.629921 
vn -0.23622 -0.582677 -0.779528 
vn -0.23622 -0.582677 -0.779528 
vn -0.23622 -0.582677 -0.779528 
vn -0.23622 -0.582677 -0.779528 
vn -0.0787402 -0.582677 -0.80315 
vn -0.0787402 -0.582677 -0.80315 
vn -0.0787402 -0.582677 -0.80315 
vn -0.0787402 -0.582677 -0.80315 
vn 0.716535 -0.582677 -0.385827 
vn 0 -1 0 
vn 0 -1 0 
vn 0 -1 0 
vn 0 -1 0 
vn 0 -1 0 
vn 0 -1 0 
vn 0 -1 0 
vn 0 -1 0 
vn 0.0944882 0 -0.992126 
vn 0.0944882 0 -0.992126 
vn 0.0944882 0 -0.992126 
vn 0.0944882 0 -0.992126 
vn 0.291339 0 -0.96063 
vn 0.291339 0 -0.96063 
vn 0.291339 0 -0.96063 
vn 0.291339 0 -0.96063 
vn 0.472441 0 -0.88189 
vn 0.472441 0 -0.88189 
vn 0.472441 0 -0.88189 
vn 0.472441 0 -0.88189 
vn 0.637795 0 -0.771654 
vn 0.637795 0 -0.771654 
vn 0.637795 0 -0.771654 
vn 0.637795 0 -0.771654 
vn -0.637795 0 -0.771654 
vn -0.637795 0 -0.771654 
vn -0.637795 0 -0.771654 
vn -0.637795 0 -0.771654 
vn -0.472441 0 -0.88189 
vn -0.472441 0 -0.88189 
vn -0.472441 0 -0.88189 
vn -0.472441 0 -0.88189 
vn -0.291339 0 -0.96063 
vn -0.291339 0 -0.96063 
vn -0.291339 0 -0.96063 
vn -0.291339 0 -0.96063 
vn -0.0944882 0 -0.992126 
vn -0.0944882 0 -0.992126 
vn -0.0944882 0 -0.992126 
vn -0.0944882 0 -0.992126 
vn -0.992126 0 -0.0944882 
vn 0.291339 0 -0.96063 
vn 0.291339 0 -0.96063 
vn 0.291339 0 -0.96063 
vn 0.291339 0 -0.96063 
vn -0.637795 0 -0.771654 
vn -0.637795 0 -0.771654 
vn -0.637795 0 -0.771654 
vn -0.637795 0 -0.771654 
vn 0.472441 0 -0.88189 
vn 0.472441 0 -0.88189 
vn 0.472441 0 -0.88189 
vn 0.472441 0 -0.88189 
vn -0.472441 0 -0.88189 
vn -0.472441 0 -0.88189 
vn -0.472441 0 -0.88189 
vn -0.472441 0 -0.88189 
vn 0.637795 0 -0.771654 
vn 0.637795 0 -0.771654 
vn 0.637795 0 -0.771654 
vn 0.637795 0 -0.771654 
vn -0.291339 0 -0.96063 
vn -0.291339 0 -0.96063 
vn -0.291339 0 -0.96063 
vn -0.291339 0 -0.96063 
vn 0.771654 0 -0.637795 
vn -0.0944882 0 -0.992126 
vn -0.0944882 0 -0.992126 
vn -0.0944882 0 -0.992126 
vn -0.0944882 0 -0.992126 
vn 0.88189 0 -0.472441 
vn -0.88189 0 -0.472441 
vn 0.0944882 0 -0.992126 
vn 0.0944882 0 -0.992126 
vn 0.0944882 0 -0.992126 
vn 0.0944882 0 -0.992126 
vn -0.472441 0 -0.88189 
vn -0.472441 0 -0.88189 
vn -0.472441 0 -0.88189 
vn -0.472441 0 -0.88189 
vn 0.88189 0 -0.472441 
vn -0.771654 0 -0.637795 
vn -0.637795 0 -0.771654 
vn -0.637795 0 -0.771654 
vn -0.637795 0 -0.771654 
vn -0.637795 0 -0.771654 
vn 0.472441 0 -0.88189 
vn 0.472441 0 -0.88189 
vn 0.472441 0 -0.88189 
vn 0.472441 0 -0.88189 
vn 0.637795 0 -0.771654 
vn 0.637795 0 -0.771654 
vn 0.637795 0 -0.771654 
vn 0.637795 0 -0.771654 
vn -0.291339 0 -0.96063 
vn -0.291339 0 -0.96063 
vn -0.291339 0 -0.96063 
vn -0.291339 0 -0.96063 
vn -0.0944882 0 -0.992126 
vn -0.0944882 0 -0.992126 
vn -0.0944882 0 -0.992126 
vn -0.0944882 0 -0.992126 
vn 0.0944882 0 -0.992126 
vn 0.0944882 0 -0.992126 
vn 0.0944882 0 -0.992126 
vn 0.0944882 0 -0.992126 
vn 0.291339 0 -0.96063 
vn 0.291339 0 -0.96063 
vn 0.291339 0 -0.96063 
vn 0.291339 0 -0.96063 
vn 0 1 0 
vn 0 1 0 
vn 0 1 0 
vn 0 1 0 
vn 0 1 0 
vn 0 1 0 
vn 0 1 0 
vn 0 1 0 
vn 0 1 0 
vn 0 1 0 
vn 0 1 0 
vn 0 1 0 
vn -0.0944882 0 -0.992126 
vn -0.0944882 0 -0.992126 
vn -0.0944882 0 -0.992126 
vn -0.0944882 0 -0.992126 
vn 0.0944882 0 -0.992126 
vn 0.0944882 0 -0.992126 
vn 0.0944882 0 -0.992126 
vn 0.0944882 0 -0.992126 
vn 0.291339 0 -0.96063 
vn 0.291339 0 -0.96063 
vn 0.291339 0 -0.96063 
vn 0.291339 0 -0.96063 
vn 0.472441 0 -0.88189 
vn 0.472441 0 -0.88189 
vn 0.472441 0 -0.88189 
vn 0.472441 0 -0.88189 
vn 0.637795 0 -0.771654 
vn 0.637795 0 -0.771654 
vn 0.637795 0 -0.771654 
vn 0.637795 0 -0.771654 
vn -0.637795 0 -0.771654 
vn -0.637795 0 -0.771654 
vn -0.637795 0 -0.771654 
vn -0.637795 0 -0.771654 
vn -0.472441 0 -0.88189 
vn -0.472441 0 -0.88189 
vn -0.472441 0 -0.88189 
vn -0.472441 0 -0.88189 
vn -0.472441 0 -0.88189 
vn -0.472441 0 -0.88189 
vn -0.291339 0 -0.96063 
vn -0.291339 0 -0.96063 
vn -0.291339 0 -0.96063 
vn -0.291339 0 -0.96063 
vn 0 1 0 
vn 0 1 0 
vn 0 1 0 
vn 0 1 0 
vn 0 1 0 
vn 0 1 0 
vn 0 1 0 
vn 0 1 0 
vn 0 1 0 
vn 0 1 0 
vn 0 1 0 
vn 0 1 0 
vn -0.716535 -0.582677 -0.385827 
vn -0.511811 -0.582677 -0.629921 
vn 0 -1 0 
vn 0 -1 0 
vn 0 -1 0 
vn 0 -1 0 
vn 0 -1 0 
vn 0 -1 0 
vn 0 -1 0 
vn 0 -1 0 
vn 0 -1 0 
vn 0 -1 0 
vn 0 -1 0 
vn 0 -1 0 
vn 0 -1 0 
vn 0 -1 0 
vn 0 -1 0 
vn 0 -1 0 
vn 0 -1 0 
vn 0 -1 0 
vn 0 -1 0 
vn 0 -1 0 
vn 0 -1 0 
vn 0 -1 0 
vn 0 -1 0 
vn 0 -1 0 
vn 0 -1 0 
vn 0 -1 0 
vn 0 -1 0 
vn 0 -1 0 
vn 0 -1 0 
vn 0 -1 0 
vn 0 -1 0 
vn 0 -1 0 
vn 0 1 0 
vn 0 1 0 
vn 0 1 0 
vn 0 1 0 
vn 0 1 0 
vn 0 1 0 
vn 0 1 0 
vn 0 1 0 
vn 0 1 0 
vn 0 1 0 
vn 0 1 0 
vn 0 1 0 
vn 0.291339 0 0.96063 
vn -0.291339 0 0.96063 
vn -0.472441 0 0.88189 
vn -0.88189 0 0.472441 
vn -0.96063 0 0.291339 
vn 0.88189 0 0.472441 
vn -0.992126 0 -0.0944882 
vn 0.771654 0 0.637795 
vn 0.291339 0 -0.96063 
vn -0.637795 0 -0.771654 
vn 0.472441 0 -0.88189 
vn -0.291339 0 -0.96063 
vn 0.771654 0 -0.637795 
vn 0.88189 0 -0.472441 
vn 0.992126 0 0.0944882 
vn -0.0944882 0 0.992126 
vn 0.992126 0 -0.0944882 
vn 0.771654 0 0.637795 
vn -0.771654 0 -0.637795 
vn 0 1 0 
vn 0 1 0 
vn 0 1 0 
vn 0 1 0 
vn 0 1 0 
vn 0 1 0 
vn 0 1 0 
vn 0 1 0 
vn 0 1 0 
vn 0 1 0 
vn 0 1 0 
vn 0 1 0 
vn 0 1 0 
vn 0 1 0 
vn 0 1 0 
vn 0 1 0 
vn 0 1 0 
vn 0 1 0 
vn 0 1 0 
vn 0 1 0 
vn 0 1 0 
vn 0 1 0 
vn 0 1 0 
vn 0 1 0 
vn 0 1 0 
vn 0 1 0 
vn 0 1 0 
vn 0 1 0 
vn 0 1 0 
vn 0 1 0 
vn 0 1 0 
vn 0 1 0 
vn 0 1 0 
vn -0.779528 -0.582677 0.23622 
vn 0 1 0 
vn 0 1 0 
vn 0 1 0 
vn 0 1 0 
vn 0 1 0 
vn 0 1 0 
vn 0.779528 -0.582677 0.23622 
vn 0.779528 -0.582677 0.23622 
vn 0.779528 -0.582677 0.23622 
vn 0.779528 -0.582677 0.23622 
vn -0.80315 -0.582677 0.0787402 
vn 0.716535 -0.582677 0.385827 
vn 0.716535 -0.582677 0.385827 
vn 0.716535 -0.582677 0.385827 
vn 0.716535 -0.582677 0.385827 
vn 0.629921 -0.582677 0.511811 
vn 0.629921 -0.582677 0.511811 
vn 0.629921 -0.582677 0.511811 
vn 0.629921 -0.582677 0.511811 
vn -0.779528 -0.582677 -0.23622 
vn -0.716535 -0.582677 -0.385827 
vn -0.511811 -0.582677 -0.629921 
vn 0.385827 -0.582677 -0.716535 
vn 0.629921 -0.582677 -0.511811 
vn 0.629921 -0.582677 -0.511811 
vn 0.629921 -0.582677 -0.511811 
vn 0.629921 -0.582677 -0.511811 
vn 0.716535 -0.582677 -0.385827 
vn 0.716535 -0.582677 -0.385827 
vn 0.716535 -0.582677 -0.385827 
vn 0.716535 -0.582677 -0.385827 
vn 0.779528 -0.582677 -0.23622 
vn 0.779528 -0.582677 -0.23622 
vn 0.779528 -0.582677 -0.23622 
vn 0.779528 -0.582677 -0.23622 
vn 0.80315 -0.582677 -0.0787402 
vn 0.80315 -0.582677 -0.0787402 
vn 0.80315 -0.582677 -0.0787402 
vn 0.80315 -0.582677 -0.0787402 
vn 0.80315 -0.582677 0.0787402 
vn 0.80315 -0.582677 0.0787402 
vn 0.80315 -0.582677 0.0787402 
vn 0.80315 -0.582677 0.0787402 
vn 0 -1 0 
vn 0 -1 0 
vn 0 -1 0 
vn 0 -1 0 
vn 0 -1 0 
vn 0 -1 0 
vn 0 -1 0 
vn 0 -1 0 
vn 0.771654 0 0.637795 
vn 0.771654 0 0.637795 
vn 0.771654 0 0.637795 
vn 0.771654 0 0.637795 
vn 0.771654 0 -0.637795 
vn 0.771654 0 -0.637795 
vn 0.771654 0 -0.637795 
vn 0.771654 0 -0.637795 
vn 0.88189 0 -0.472441 
vn 0.88189 0 -0.472441 
vn 0.88189 0 -0.472441 
vn 0.88189 0 -0.472441 
vn 0.96063 0 -0.291339 
vn 0.96063 0 -0.291339 
vn 0.96063 0 -0.291339 
vn 0.96063 0 -0.291339 
vn 0.992126 0 -0.0944882 
vn 0.992126 0 -0.0944882 
vn 0.992126 0 -0.0944882 
vn 0.992126 0 -0.0944882 
vn 0.992126 0 0.0944882 
vn 0.992126 0 0.0944882 
vn 0.992126 0 0.0944882 
vn 0.992126 0 0.0944882 
vn 0.96063 0 0.291339 
vn 0.96063 0 0.291339 
vn 0.96063 0 0.291339 
vn 0.96063 0 0.291339 
vn 0.88189 0 0.472441 
vn 0.88189 0 0.472441 
vn 0.88189 0 0.472441 
vn 0.88189 0 0.472441 
vn 0.291339 0 0.96063 
vn 0.88189 0 0.472441 
vn 0.88189 0 0.472441 
vn 0.88189 0 0.472441 
vn 0.88189 0 0.472441 
vn 0.771654 0 0.637795 
vn 0.771654 0 0.637795 
vn 0.771654 0 0.637795 
vn 0.771654 0 0.637795 
vn 0.472441 0 -0.88189 
vn 0.771654 0 -0.637795 
vn 0.771654 0 -0.637795 
vn 0.771654 0 -0.637795 
vn 0.771654 0 -0.637795 
vn 0.88189 0 -0.472441 
vn 0.88189 0 -0.472441 
vn 0.88189 0 -0.472441 
vn 0.88189 0 -0.472441 
vn 0.96063 0 -0.291339 
vn 0.96063 0 -0.291339 
vn 0.96063 0 -0.291339 
vn 0.96063 0 -0.291339 
vn 0.992126 0 -0.0944882 
vn 0.992126 0 -0.0944882 
vn 0.992126 0 -0.0944882 
vn 0.992126 0 -0.0944882 
vn 0.992126 0 0.0944882 
vn 0.992126 0 0.0944882 
vn 0.992126 0 0.0944882 
vn 0.992126 0 0.0944882 
vn 0.96063 0 0.291339 
vn 0.96063 0 0.291339 
vn 0.96063 0 0.291339 
vn 0.96063 0 0.291339 
vn 0.88189 0 -0.472441 
vn 0.88189 0 -0.472441 
vn 0.88189 0 -0.472441 
vn 0.88189 0 -0.472441 
vn 0.96063 0 -0.291339 
vn 0.96063 0 -0.291339 
vn 0.96063 0 -0.291339 
vn 0.96063 0 -0.291339 
vn 0.992126 0 -0.0944882 
vn 0.992126 0 -0.0944882 
vn 0.992126 0 -0.0944882 
vn 0.992126 0 -0.0944882 
vn 0.992126 0 0.0944882 
vn 0.992126 0 0.0944882 
vn 0.992126 0 0.0944882 
vn 0.992126 0 0.0944882 
vn 0.96063 0 0.291339 
vn 0.96063 0 0.291339 
vn 0.96063 0 0.291339 
vn 0.96063 0 0.291339 
vn 0.88189 0 0.472441 
vn 0.88189 0 0.472441 
vn 0.88189 0 0.472441 
vn 0.88189 0 0.472441 
vn 0.771654 0 0.637795 
vn 0.771654 0 0.637795 
vn 0.771654 0 0.637795 
vn 0.771654 0 0.637795 
vn 0.637795 0 0.771654 
vn 0.472441 0 -0.88189 
vn 0.637795 0 -0.771654 
vn 0.771654 0 -0.637795 
vn 0.771654 0 -0.637795 
vn 0.771654 0 -0.637795 
vn 0.771654 0 -0.637795 
vn 0 1 0 
vn 0 1 0 
vn 0 1 0 
vn 0 1 0 
vn 0 1 0 
vn 0 1 0 
vn 0 1 0 
vn 0 1 0 
vn 0 1 0 
vn 0 1 0 
vn 0 1 0 
vn 0 1 0 
vn 0 1 0 
vn 0.992126 0 0.0944882 
vn 0.992126 0 0.0944882 
vn 0.992126 0 0.0944882 
vn 0.992126 0 0.0944882 
vn 0.96063 0 0.291339 
vn 0.96063 0 0.291339 
vn 0.96063 0 0.291339 
vn 0.96063 0 0.291339 
vn 0.88189 0 0.472441 
vn 0.88189 0 0.472441 
vn 0.88189 0 0.472441 
vn 0.88189 0 0.472441 
vn 0.771654 0 0.637795 
vn 0.771654 0 0.637795 
vn 0.771654 0 0.637795 
vn 0.771654 0 0.637795 
vn 0.771654 0 -0.637795 
vn 0.771654 0 -0.637795 
vn 0.771654 0 -0.637795 
vn 0.771654 0 -0.637795 
vn 0.88189 0 -0.472441 
vn 0.88189 0 -0.472441 
vn 0.88189 0 -0.472441 
vn 0.88189 0 -0.472441 
vn 0.96063 0 -0.291339 
vn 0.96063 0 -0.291339 
vn 0.96063 0 -0.291339 
vn 0.96063 0 -0.291339 
vn 0.992126 0 -0.0944882 
vn 0.992126 0 -0.0944882 
vn 0.992126 0 -0.0944882 
vn 0.992126 0 -0.0944882 
vn 0 1 0 
vn 0 1 0 
vn 0 1 0 
vn 0 1 0 
vn 0 1 0 
vn 0 1 0 
vn 0 1 0 
vn 0 1 0 
vn 0 1 0 
vn 0 1 0 
vn 0 1 0 
vn 0 1 0 
vn 0 1 0 
vn 0 1 0 
vn 0 1 0 
vn 0 1 0 
vn 0 1 0 
vn 0 1 0 
vn 0 1 0 
vn 0 1 0 
vn 0 1 0 
vn 0 1 0 
vn 0 1 0 
vn 0 1 0 
vn 0 1 0 
vn 0 1 0 
vn 0 1 0 
vn 0 1 0 
vn 0 1 0 
vn 0 1 0 
vn 0 1 0 
vn 0.511811 -0.582677 0.629921 
vn 0.511811 -0.582677 0.629921 
vn 0.511811 -0.582677 0.629921 
vn 0.511811 -0.582677 0.629921 
vn -0.716535 -0.582677 -0.385827 
vn 0.385827 -0.582677 0.716535 
vn 0.385827 -0.582677 0.716535 
vn 0.385827 -0.582677 0.716535 
vn 0.385827 -0.582677 0.716535 
vn 0.23622 -0.582677 0.779528 
vn 0.23622 -0.582677 0.779528 
vn 0.23622 -0.582677 0.779528 
vn 0.23622 -0.582677 0.779528 
vn 0.0787402 -0.582677 0.80315 
vn 0.0787402 -0.582677 0.80315 
vn 0.0787402 -0.582677 0.80315 
vn 0.0787402 -0.582677 0.80315 
vn -0.0787402 -0.582677 0.80315 
vn -0.0787402 -0.582677 0.80315 
vn -0.0787402 -0.582677 0.80315 
vn -0.0787402 -0.582677 0.80315 
vn -0.23622 -0.582677 0.779528 
vn -0.23622 -0.582677 0.779528 
vn -0.23622 -0.582677 0.779528 
vn -0.23622 -0.582677 0.779528 
vn -0.385827 -0.582677 0.716535 
vn -0.385827 -0.582677 0.716535 
vn -0.385827 -0.582677 0.716535 
vn -0.385827 -0.582677 0.716535 
vn -0.511811 -0.582677 0.629921 
vn -0.511811 -0.582677 0.629921 
vn -0.511811 -0.582677 0.629921 
vn -0.511811 -0.582677 0.629921 
vn 0.0787402 -0.582677 -0.80315 
vn 0.0787402 -0.582677 -0.80315 
vn -0.511811 -0.582677 -0.629921 
vn 0.385827 -0.582677 -0.716535 
vn -0.385827 -0.582677 -0.716535 
vn 0.716535 -0.582677 -0.385827 
vn 0 -1 0 
vn 0 -1 0 
vn 0 -1 0 
vn 0 -1 0 
vn 0 -1 0 
vn 0 -1 0 
vn 0 -1 0 
vn 0 -1 0 
vn 0 -1 0 
vn 0.637795 0 0.771654 
vn 0.637795 0 0.771654 
vn 0.637795 0 0.771654 
vn 0.637795 0 0.771654 
vn 0.472441 0 0.88189 
vn 0.472441 0 0.88189 
vn 0.472441 0 0.88189 
vn 0.472441 0 0.88189 
vn 0.291339 0 0.96063 
vn 0.291339 0 0.96063 
vn 0.291339 0 0.96063 
vn 0.291339 0 0.96063 
vn 0.0944882 0 0.992126 
vn 0.0944882 0 0.992126 
vn 0.0944882 0 0.992126 
vn 0.0944882 0 0.992126 
vn -0.0944882 0 0.992126 
vn -0.0944882 0 0.992126 
vn -0.0944882 0 0.992126 
vn -0.0944882 0 0.992126 
vn -0.291339 0 0.96063 
vn -0.291339 0 0.96063 
vn -0.291339 0 0.96063 
vn -0.291339 0 0.96063 
vn -0.472441 0 0.88189 
vn -0.472441 0 0.88189 
vn -0.472441 0 0.88189 
vn -0.472441 0 0.88189 
vn -0.637795 0 0.771654 
vn -0.637795 0 0.771654 
vn -0.637795 0 0.771654 
vn -0.637795 0 0.771654 
vn 0.291339 0 0.96063 
vn 0.291339 0 0.96063 
vn 0.291339 0 0.96063 
vn 0.291339 0 0.96063 
vn 0.0944882 0 0.992126 
vn 0.0944882 0 0.992126 
vn 0.0944882 0 0.992126 
vn 0.0944882 0 0.992126 
vn -0.0944882 0 0.992126 
vn -0.0944882 0 0.992126 
vn -0.0944882 0 0.992126 
vn -0.0944882 0 0.992126 
vn -0.291339 0 0.96063 
vn -0.291339 0 0.96063 
vn -0.291339 0 0.96063 
vn -0.291339 0 0.96063 
vn -0.472441 0 0.88189 
vn -0.472441 0 0.88189 
vn -0.472441 0 0.88189 
vn -0.472441 0 0.88189 
vn -0.637795 0 0.771654 
vn -0.637795 0 0.771654 
vn -0.637795 0 0.771654 
vn -0.637795 0 0.771654 
vn -0.771654 0 0.637795 
vn -0.88189 0 0.472441 
vn 0.88189 0 0.472441 
vn 0.88189 0 0.472441 
vn 0.771654 0 0.637795 
vn 0.637795 0 0.771654 
vn 0.637795 0 0.771654 
vn 0.637795 0 0.771654 
vn 0.637795 0 0.771654 
vn 0.472441 0 0.88189 
vn 0.472441 0 0.88189 
vn 0.472441 0 0.88189 
vn 0.472441 0 0.88189 
vn -0.0944882 0 0.992126 
vn -0.0944882 0 0.992126 
vn -0.0944882 0 0.992126 
vn -0.0944882 0 0.992126 
vn -0.291339 0 0.96063 
vn -0.291339 0 0.96063 
vn -0.291339 0 0.96063 
vn -0.291339 0 0.96063 
vn -0.472441 0 0.88189 
vn -0.472441 0 0.88189 
vn -0.472441 0 0.88189 
vn -0.472441 0 0.88189 
vn -0.637795 0 0.771654 
vn -0.637795 0 0.771654 
vn -0.637795 0 0.771654 
vn -0.637795 0 0.771654 
vn -0.771654 0 0.637795 
vn 0.88189 0 0.472441 
vn 0.771654 0 0.637795 
vn 0.637795 0 0.771654 
vn 0.637795 0 0.771654 
vn 0.637795 0 0.771654 
vn 0.637795 0 0.771654 
vn 0.472441 0 0.88189 
vn 0.472441 0 0.88189 
vn 0.472441 0 0.88189 
vn 0.472441 0 0.88189 
vn 0.291339 0 0.96063 
vn 0.291339 0 0.96063 
vn 0.291339 0 0.96063 
vn 0.291339 0 0.96063 
vn 0.0944882 0 0.992126 
vn 0.0944882 0 0.992126 
vn 0.0944882 0 0.992126 
vn 0.0944882 0 0.992126 
vn 0 1 0 
vn 0 1 0 
vn 0 1 0 
vn 0 1 0 
vn 0 1 0 
vn 0 1 0 
vn 0 1 0 
vn 0 1 0 
vn 0 1 0 
vn 0 1 0 
vn 0 1 0 
vn 0 1 0 
vn 0 1 0 
vn -0.472441 0 0.88189 
vn -0.472441 0 0.88189 
vn -0.472441 0 0.88189 
vn -0.472441 0 0.88189 
vn 0.472441 0 0.88189 
vn 0.472441 0 0.88189 
vn 0.472441 0 0.88189 
vn 0.472441 0 0.88189 
vn 0.472441 0 0.88189 
vn 0.472441 0 0.88189 
vn -0.637795 0 0.771654 
vn -0.637795 0 0.771654 
vn -0.637795 0 0.771654 
vn -0.637795 0 0.771654 
vn 0.291339 0 0.96063 
vn 0.291339 0 0.96063 
vn 0.291339 0 0.96063 
vn 0.291339 0 0.96063 
vn 0.291339 0 0.96063 
vn 0.291339 0 0.96063 
vn 0.0944882 0 0.992126 
vn 0.0944882 0 0.992126 
vn 0.0944882 0 0.992126 
vn 0.0944882 0 0.992126 
vn -0.0944882 0 0.992126 
vn -0.0944882 0 0.992126 
vn -0.0944882 0 0.992126 
vn -0.0944882 0 0.992126 
vn -0.291339 0 0.96063 
vn -0.291339 0 0.96063 
vn -0.291339 0 0.96063 
vn -0.291339 0 0.96063 
vn 0.637795 0 0.771654 
vn 0.637795 0 0.771654 
vn 0.637795 0 0.771654 
vn 0.637795 0 0.771654 
vn 0 1 0 
vn 0 1 0 
vn 0 1 0 
vn 0 1 0 
vn 0 1 0 
vn 0 1 0 
vn 0 1 0 
vn 0 1 0 
vn 0 1 0 
vn 0 1 0 
vn 0 1 0 
vn 0 1 0 
vn 0 1 0 
vn 0 1 0 
vn 0 1 0 
vn 0 1 0 
vn 0 1 0 
vn 0 1 0 
vn 0 1 0 
vn 0 1 0 
vn 0 1 0 
vn 0 1 0 
vn 0 1 0 
vn 0 1 0 
vn 0 1 0 
vn 0 1 0 
vn 0 1 0 
vn 0 1 0 
vn 0 1 0 
vn 0 1 0 
vn 0 1 0 
vn 0 1 0 
vn 0 1 0 
vn 0 1 0 
vn 0 1 0 
vn 0 1 0 
vn 0 1 0 
vn 0 1 0 
vn 0 1 0 
vn 0 1 0 
vn 0 1 0 
vn 0 1 0 
vn 0 1 0 
vn 0 1 0 
vn 0 1 0 
vn 0 1 0 
vn 0 1 0 
vn 0 1 0 
vn 0 1 0 
vn 0 1 0 
vn 0 1 0 
vn 0 1 0 
vn 0 1 0 
vn 0 1 0 
vn 0 1 0 
vn 0 1 0 
vn 0 1 0 
vn 0 1 0 
vn 0 1 0 
vn 0 1 0 
vn 0 1 0 
vn 0 1 0 
vn 0 1 0 
vn 0 1 0 
vn 0 1 0 
vn 0 1 0 
vn 0 1 0 
vn 0 1 0 
vn 0 1 0 
vn 0 1 0 
vn 0 1 0 
vn 0 1 0 
vn 0 1 0 
vn 0 1 0 
vn 0 1 0 
vn 0 1 0 
vn 0 1 0 
vn 0 1 0 
vn 0 1 0 
vn 0 1 0 
vn 0 1 0 
vn 0 1 0 
vn 0 1 0 
vn 0 1 0 
vn 0 1 0 
vn 0 1 0 
vn 0 1 0 
vn 0 1 0 
vn 0 1 0 
vn 0 1 0 
vn 0 1 0 
vn 0 1 0 
vn 0 1 0 
vn 0 1 0 
vn 0 1 0 
vn 0 1 0 
vn 0 1 0 
vn 0 1 0 
vn 0 1 0 
vn 0 1 0 
vn 0 1 0 
vn 0 1 0 
vn 0 1 0 
vn 0 1 0 
vn 0 1 0 
vn 0 1 0 
vn 0 1 0 
vn 0 1 0 
vn 0 1 0 
vn 0 1 0 
vn 0 1 0 
vn 0 1 0 
vn 0 1 0 
vn 0 1 0 
vn 0 1 0 
vn 0 1 0 
vn -0.779528 -0.582677 0.23622 
vn 0 1 0 
vn 0 1 0 
vn 0 1 0 
vn -0.779528 -0.582677 -0.23622 
vn 0.0787402 -0.582677 -0.80315 
vn 0.0787402 -0.582677 -0.80315 
vn 0.385827 -0.582677 -0.716535 
vn -0.385827 -0.582677 -0.716535 
vn 0.716535 -0.582677 -0.385827 
vn 0.291339 0 0.96063 
vn -0.291339 0 0.96063 
vn -0.771654 0 0.637795 
vn 0.88189 0 0.472441 
vn -0.637795 0 -0.771654 
vn 0.472441 0 -0.88189 
vn 0.88189 0 -0.472441 
vn -0.88189 0 -0.472441 
vn -0.0944882 0 0.992126 
vn -0.291339 0 0.96063 
vn -0.472441 0 -0.88189 
vn 0.88189 0 -0.472441 
vn 0.88189 0 -0.472441 
vn -0.637795 0 0.771654 
vn -0.771654 0 0.637795 
vn 0.992126 0 -0.0944882 
vn 0.992126 0 0.0944882 
vn 0.88189 0 0.472441 
vn -0.96063 0 -0.291339 
vn 0.637795 0 0.771654 
vn -0.771654 0 -0.637795 
vn 0.291339 0 0.96063 
vn 0.472441 0 -0.88189 
vn 0 1 0 
vn 0 1 0 
vn 0 1 0 
vn 0 1 0 
vn 0 1 0 
vn 0 1 0 
vn 0 1 0 
vn 0 1 0 
vn 0 1 0 
vn 0 1 0 
vn 0 1 0 
vn 0 1 0 
vn 0 1 0 
vn 0 1 0 
vn 0 1 0 
vn 0 1 0 
vn 0 1 0 
vn 0 1 0 
vn 0 1 0 
vn 0 1 0 
vn 0 1 0 
vn 0 1 0 
vn 0 1 0 
vn 0 1 0 
vn 0 1 0 
vn 0 1 0 
vn 0 1 0 
vn 0 1 0 
vn 0 1 0 
vn 0 1 0 
vn 0 1 0 
vn 0 1 0 
vn 0 1 0 
vn 0 1 0 
vn 0 1 0 
vn 0 1 0 
vn 0 1 0 
vn 0 1 0 
vn 0 1 0 
vn 0 1 0 
vn 0 1 0 
vn 0 1 0 
vn 0 1 0 
vn 0 1 0 
vn 0 1 0 
vn 0 1 0 
vn 0 1 0 
vn 0 1 0 
vn 0 1 0 
vn 0 1 0 
vn 0 1 0 
vn 0 1 0 
vn 0 1 0 
vn 0 1 0 
vn 0 1 0 
vn 0 1 0 
vn 0 1 0 
vn 0 1 0 
vn 0 1 0 
vn 0 1 0 
vn 0 1 0 
vn 0 1 0 
vn 0 1 0 
vn 0 1 0 
vn 0 1 0 
vn 0 1 0 
vn 0 1 0 
vn 0 1 0 
vn 0 1 0 
vn 0 1 0 
vn 0 1 0 
vn 0 1 0 
vn 0 1 0 
vn 0 1 0 
vn 0 1 0 
vn 0 1 0 
vn 0 1 0 
vn 0 1 0 
vn 0 1 0 
vn 0 1 0 
vn 0 1 0 
vn 0 1 0 
vn 0 1 0 
vn 0 1 0 
vn 0 1 0 
vn 0 1 0 
vn 0 1 0 
vn 0 1 0 
vn 0 1 0 
vn 0 1 0 
vn 0 1 0 
vn 0 1 0 
vn 0 1 0 
vn 0 1 0 
vn 0 1 0 
vn 0 1 0 
vn 0 1 0 
vn 0 1 0 
vn 0 1 0 
vn 0 1 0 
vn 0 1 0 
vn 0 1 0 
vn 0 1 0 
vn 0 1 0 
vn 0 1 0 
vn 0 1 0 
vn 0 1 0 
vn 0 1 0 
vn 0 1 0 
vn 0 1 0 
vn 0 1 0 
vn 0 1 0 
vn 0 1 0 
vn 0 1 0 
vn 0 1 0 
vn 0 1 0 
vn 0 1 0 
vn 0 1 0 
vn 0 1 0 
vn 0 1 0 
vn 0 1 0 
vn 0 1 0 
vn 0 1 0 
vn 0 1 0 
vn 0 1 0 
vn 0 1 0 
vn 0 1 0 
vn 0 1 0 
vn 0 1 0 
vn 0 1 0 
vn 0 1 0 
vn 0 1 0 
vn 0 1 0 
vn 0 1 0 
vn 0 1 0 
vn 0 1 0 
vn 0 1 0 
vn 0 1 0 
vn 0 1 0 
vn 0 1 0 
vn 0 1 0 
vn 0 1 0 
vn 0 1 0 
vn 0 1 0 
vn 0 1 0 
vn 0 1 0 
vn 0 1 0 
vn 0 1 0 
vn 0 1 0 
vn 0 1 0 
vn 0 1 0 
vn 0 1 0 
vn 0 1 0 
vn 0 1 0 
vn 0 1 0 
vn 0 1 0 
vn 0 1 0 
vn 0 1 0 
vn 0 1 0 
vn 0 1 0 

vt 0.0939494 1.12213 
vt 0.0939494 1.12177 
vt 0.0939494 1.12128 
vt 0.0939494 1.12068 
vt 0.0939494 1.12 
vt 0.0939494 1.11849 
vt 0.0939494 1.11773 
vt 0.0939494 1.11699 
vt 0.0939494 1.11644 
vt 0.0939494 1.11631 
vt 0.0939494 1.11571 
vt 0.0939494 1.11522 
vt 0.0939494 1.11522 
vt 0.0939494 1.11571 
vt 0.0939494 1.11631 
vt 0.0939494 1.11699 
vt 0.0939494 1.11773 
vt 0.0939494 1.11849 
vt 0.0939494 1.11926 
vt 0.0939494 1.12 
vt 0.0939494 1.12068 
vt 0.0939494 1.12111 
vt 0.0939494 1.12128 
vt 0.0939494 1.12177 
vt 0.0785762 1.11773 
vt 0.0780274 1.11714 
vt 0.0785762 1.11699 
vt 0.0780274 1.1178 
vt 0.0785762 1.11849 
vt 0.0785762 1.11773 
vt 0.0785762 1.11699 
vt 0.0785762 1.11631 
vt 0.0785762 1.11522 
vt 0.0785762 1.11486 
vt 0.0785762 1.11849 
vt 0.0780274 1.1178 
vt 0.0785762 1.11773 
vt 0.0780274 1.11849 
vt 0.0785762 1.11926 
vt 0.0780274 1.11918 
vt 0.0785762 1.11849 
vt 0.0780274 1.11849 
vt 0.0785762 1.12 
vt 0.0780274 1.11985 
vt 0.0785762 1.11926 
vt 0.0780274 1.11918 
vt 0.0785762 1.12068 
vt 0.0780274 1.12046 
vt 0.0785762 1.12 
vt 0.0780274 1.11985 
vt 0.0785762 1.11571 
vt 0.0780274 1.11653 
vt 0.0780274 1.11599 
vt 0.0785762 1.11631 
vt 0.0785762 1.11699 
vt 0.0780274 1.11653 
vt 0.0785762 1.11631 
vt 0.0780274 1.11714 
vt 0.0785762 1.12128 
vt 0.0780274 1.12046 
vt 0.0785762 1.12068 
vt 0.0780274 1.121 
vt 0.0785762 1.12177 
vt 0.0785762 1.12177 
vt 0.0785762 1.12213 
vt 0.0785762 1.12 
vt 0.0785762 1.11926 
vt 0.0768902 1.11487 
vt 0.0768902 1.11572 
vt 0.0768902 1.11631 
vt 0.0768902 1.11849 
vt 0.0768902 1.11773 
vt 0.0768902 1.12 
vt 0.0768902 1.12127 
vt 0.0768902 1.12176 
vt 0.0768902 1.12068 
vt 0.0939494 1.11631 
vt 0.0785762 1.11571 
vt 0.0939494 1.11571 
vt 0.0785762 1.11631 
vt 0.0939494 1.11699 
vt 0.0785762 1.11631 
vt 0.0939494 1.11631 
vt 0.0785762 1.11699 
vt 0.0939494 1.11773 
vt 0.0785762 1.11699 
vt 0.0939494 1.11699 
vt 0.0785762 1.11773 
vt 0.0939494 1.11849 
vt 0.0785762 1.11773 
vt 0.0939494 1.11773 
vt 0.0785762 1.11849 
vt 0.0939494 1.11926 
vt 0.0785762 1.11849 
vt 0.0939494 1.11849 
vt 0.0785762 1.11926 
vt 0.0939494 1.12 
vt 0.0785762 1.11926 
vt 0.0939494 1.11926 
vt 0.0785762 1.12 
vt 0.0939494 1.12068 
vt 0.0785762 1.12 
vt 0.0939494 1.12 
vt 0.0785762 1.12068 
vt 0.0939494 1.12128 
vt 0.0785762 1.12068 
vt 0.0939494 1.12068 
vt 0.0785762 1.12128 
vt 0.0776865 1.11487 
vt 0.0776865 1.11523 
vt 0.0776865 1.11631 
vt 0.0768902 1.11631 
vt 0.0776865 1.11572 
vt 0.0768902 1.11572 
vt 0.0776865 1.11699 
vt 0.0768902 1.11699 
vt 0.0776865 1.11631 
vt 0.0768902 1.11631 
vt 0.0776865 1.11773 
vt 0.0768902 1.11773 
vt 0.0776865 1.11699 
vt 0.0768902 1.11699 
vt 0.0776865 1.11849 
vt 0.0768902 1.11849 
vt 0.0776865 1.11773 
vt 0.0768902 1.11773 
vt 0.0776865 1.11926 
vt 0.0768902 1.11926 
vt 0.0776865 1.11849 
vt 0.0768902 1.11849 
vt 0.0768902 1.12 
vt 0.0776865 1.11926 
vt 0.0776865 1.12 
vt 0.0768902 1.11926 
vt 0.0776865 1.12176 
vt 0.0776865 1.12127 
vt 0.0776865 1.12235 
vt 0.0768902 1.12068 
vt 0.0776865 1.12 
vt 0.0776865 1.12068 
vt 0.0768902 1.12 
vt 0.0776865 1.12127 
vt 0.0768902 1.12127 
vt 0.0776865 1.12068 
vt 0.0768902 1.12068 
vt 0.0776865 1.11599 
vt 0.0780274 1.11599 
vt 0.0780274 1.11653 
vt 0.0776865 1.11653 
vt 0.0776865 1.11599 
vt 0.0776865 1.11714 
vt 0.0780274 1.11653 
vt 0.0780274 1.11714 
vt 0.0776865 1.11653 
vt 0.0780274 1.11714 
vt 0.0780274 1.1178 
vt 0.0776865 1.1178 
vt 0.0776865 1.11714 
vt 0.0780274 1.1178 
vt 0.0780274 1.11849 
vt 0.0776865 1.11849 
vt 0.0776865 1.1178 
vt 0.0776865 1.11918 
vt 0.0780274 1.11849 
vt 0.0780274 1.11918 
vt 0.0776865 1.11849 
vt 0.0780274 1.11918 
vt 0.0780274 1.11985 
vt 0.0776865 1.11985 
vt 0.0776865 1.11918 
vt 0.0780274 1.11985 
vt 0.0780274 1.12046 
vt 0.0776865 1.12046 
vt 0.0776865 1.11985 
vt 0.0780274 1.12046 
vt 0.0780274 1.121 
vt 0.0776865 1.121 
vt 0.0776865 1.12046 
vt 0.0792575 1.12191 
vt 0.0792575 1.12111 
vt 0.0792575 1.12157 
vt 0.0792575 1.12111 
vt 0.0792575 1.11991 
vt 0.0792575 1.12055 
vt 0.0792575 1.11588 
vt 0.0792575 1.11708 
vt 0.0792575 1.11777 
vt 0.0792575 1.11991 
vt 0.0792575 1.11708 
vt 0.0792575 1.11588 
vt 0.0792575 1.11644 
vt 0.0939494 1.12111 
vt 0.0792575 1.12111 
vt 0.0939494 1.12055 
vt 0.0792575 1.12055 
vt 0.0939494 1.12055 
vt 0.0792575 1.12055 
vt 0.0939494 1.11991 
vt 0.0792575 1.11991 
vt 0.0939494 1.11991 
vt 0.0792575 1.11991 
vt 0.0939494 1.11922 
vt 0.0792575 1.11922 
vt 0.0939494 1.11922 
vt 0.0792575 1.11922 
vt 0.0939494 1.11849 
vt 0.0792575 1.11849 
vt 0.0939494 1.11849 
vt 0.0792575 1.11849 
vt 0.0939494 1.11777 
vt 0.0792575 1.11777 
vt 0.0939494 1.11777 
vt 0.0792575 1.11777 
vt 0.0939494 1.11708 
vt 0.0792575 1.11708 
vt 0.0939494 1.11708 
vt 0.0792575 1.11708 
vt 0.0939494 1.11644 
vt 0.0792575 1.11644 
vt 0.0939494 1.11644 
vt 0.0792575 1.11644 
vt 0.0939494 1.11588 
vt 0.0792575 1.11588 
vt 0.0854198 1.10996 
vt 0.086188 1.10996 
vt 0.0869266 1.10996 
vt 0.0876074 1.10996 
vt 0.0882041 1.10996 
vt 0.0886937 1.10996 
vt 0.0890576 1.10996 
vt 0.0890576 1.10996 
vt 0.0884944 1.10996 
vt 0.0882041 1.10996 
vt 0.0876074 1.10996 
vt 0.0869266 1.10996 
vt 0.086188 1.10996 
vt 0.0854198 1.10996 
vt 0.0846517 1.10996 
vt 0.083913 1.10996 
vt 0.0832323 1.10996 
vt 0.0826356 1.10996 
vt 0.0821459 1.10996 
vt 0.0821459 1.10996 
vt 0.0828052 1.10996 
vt 0.0826356 1.10996 
vt 0.0832323 1.10996 
vt 0.083913 1.10996 
vt 0.0846517 1.10996 
vt 0.0886937 1.12534 
vt 0.0876074 1.12534 
vt 0.086188 1.12534 
vt 0.0854198 1.12534 
vt 0.083913 1.12534 
vt 0.0817821 1.12534 
vt 0.0821459 1.12534 
vt 0.0861103 1.12589 
vt 0.0854198 1.12534 
vt 0.086188 1.12534 
vt 0.0854198 1.12589 
vt 0.0869266 1.12534 
vt 0.0867743 1.12589 
vt 0.086188 1.12534 
vt 0.0861103 1.12589 
vt 0.0834534 1.12589 
vt 0.0826356 1.12534 
vt 0.0832323 1.12534 
vt 0.0829171 1.12589 
vt 0.0876074 1.12534 
vt 0.0873862 1.12589 
vt 0.0869266 1.12534 
vt 0.0867743 1.12589 
vt 0.083913 1.12534 
vt 0.0834534 1.12589 
vt 0.0832323 1.12534 
vt 0.0840653 1.12589 
vt 0.0882041 1.12534 
vt 0.0873862 1.12589 
vt 0.0876074 1.12534 
vt 0.0879226 1.12589 
vt 0.0846517 1.12534 
vt 0.0840653 1.12589 
vt 0.083913 1.12534 
vt 0.0847293 1.12589 
vt 0.0854198 1.12534 
vt 0.0847293 1.12589 
vt 0.0846517 1.12534 
vt 0.0854198 1.12589 
vt 0.0890576 1.12534 
vt 0.0869228 1.12702 
vt 0.0890483 1.12702 
vt 0.0881969 1.12702 
vt 0.086186 1.12702 
vt 0.0839169 1.12702 
vt 0.0846536 1.12702 
vt 0.0826427 1.12702 
vt 0.0832379 1.12702 
vt 0.086188 1.10996 
vt 0.0854198 1.12534 
vt 0.0854198 1.10996 
vt 0.086188 1.12534 
vt 0.0869266 1.10996 
vt 0.086188 1.12534 
vt 0.086188 1.10996 
vt 0.0869266 1.12534 
vt 0.0876074 1.10996 
vt 0.0869266 1.12534 
vt 0.0869266 1.10996 
vt 0.0876074 1.12534 
vt 0.0882041 1.10996 
vt 0.0876074 1.12534 
vt 0.0876074 1.10996 
vt 0.0882041 1.12534 
vt 0.0832323 1.10996 
vt 0.0826356 1.12534 
vt 0.0826356 1.10996 
vt 0.0832323 1.12534 
vt 0.083913 1.10996 
vt 0.0832323 1.12534 
vt 0.0832323 1.10996 
vt 0.083913 1.12534 
vt 0.0846517 1.10996 
vt 0.083913 1.12534 
vt 0.083913 1.10996 
vt 0.0846517 1.12534 
vt 0.0854198 1.10996 
vt 0.0846517 1.12534 
vt 0.0846517 1.10996 
vt 0.0854198 1.12534 
vt 0.0815679 1.12623 
vt 0.0869228 1.12623 
vt 0.0869228 1.12702 
vt 0.086186 1.12623 
vt 0.086186 1.12702 
vt 0.0832379 1.12623 
vt 0.0832379 1.12702 
vt 0.0826427 1.12623 
vt 0.0826427 1.12702 
vt 0.0876018 1.12623 
vt 0.0876018 1.12702 
vt 0.0869228 1.12623 
vt 0.0869228 1.12702 
vt 0.0839169 1.12623 
vt 0.0839169 1.12702 
vt 0.0832379 1.12623 
vt 0.0832379 1.12702 
vt 0.0881969 1.12623 
vt 0.0881969 1.12702 
vt 0.0876018 1.12623 
vt 0.0876018 1.12702 
vt 0.0846536 1.12623 
vt 0.0846536 1.12702 
vt 0.0839169 1.12623 
vt 0.0839169 1.12702 
vt 0.0886854 1.12623 
vt 0.0854198 1.12623 
vt 0.0854198 1.12702 
vt 0.0846536 1.12623 
vt 0.0846536 1.12702 
vt 0.0890483 1.12623 
vt 0.0821543 1.12623 
vt 0.086186 1.12623 
vt 0.086186 1.12702 
vt 0.0854198 1.12623 
vt 0.0854198 1.12702 
vt 0.0834534 1.12589 
vt 0.0840653 1.12589 
vt 0.0840653 1.12623 
vt 0.0834534 1.12623 
vt 0.0883628 1.12623 
vt 0.0829171 1.12623 
vt 0.0829171 1.12589 
vt 0.0834534 1.12589 
vt 0.0834534 1.12623 
vt 0.0829171 1.12623 
vt 0.0867743 1.12589 
vt 0.0873862 1.12589 
vt 0.0873862 1.12623 
vt 0.0867743 1.12623 
vt 0.0873862 1.12589 
vt 0.0879226 1.12589 
vt 0.0879226 1.12623 
vt 0.0873862 1.12623 
vt 0.0840653 1.12589 
vt 0.0847293 1.12589 
vt 0.0847293 1.12623 
vt 0.0840653 1.12623 
vt 0.0854198 1.12623 
vt 0.0847293 1.12589 
vt 0.0854198 1.12589 
vt 0.0847293 1.12623 
vt 0.0854198 1.12589 
vt 0.0861103 1.12589 
vt 0.0861103 1.12623 
vt 0.0854198 1.12623 
vt 0.0861103 1.12589 
vt 0.0867743 1.12589 
vt 0.0867743 1.12623 
vt 0.0861103 1.12623 
vt 0.0840048 1.12466 
vt 0.0880345 1.12466 
vt 0.0874742 1.12466 
vt 0.0828052 1.12466 
vt 0.0880345 1.12466 
vt 0.0888361 1.12466 
vt 0.0820036 1.12466 
vt 0.0828052 1.12466 
vt 0.0868349 1.12466 
vt 0.0840048 1.12466 
vt 0.0833655 1.12466 
vt 0.0861412 1.12466 
vt 0.0861412 1.10996 
vt 0.0861412 1.12466 
vt 0.0854198 1.10996 
vt 0.0854198 1.12466 
vt 0.0854198 1.10996 
vt 0.0854198 1.12466 
vt 0.0846984 1.10996 
vt 0.0846984 1.12466 
vt 0.0846984 1.10996 
vt 0.0846984 1.12466 
vt 0.0840048 1.10996 
vt 0.0840048 1.12466 
vt 0.0840048 1.10996 
vt 0.0840048 1.12466 
vt 0.0833655 1.10996 
vt 0.0833655 1.12466 
vt 0.0833655 1.10996 
vt 0.0833655 1.12466 
vt 0.0828052 1.10996 
vt 0.0828052 1.12466 
vt 0.0880345 1.10996 
vt 0.0880345 1.12466 
vt 0.0874742 1.10996 
vt 0.0874742 1.12466 
vt 0.0874742 1.10996 
vt 0.0874742 1.12466 
vt 0.0868349 1.10996 
vt 0.0868349 1.10996 
vt 0.0874742 1.12466 
vt 0.0868349 1.12466 
vt 0.0868349 1.10996 
vt 0.0868349 1.12466 
vt 0.0861412 1.10996 
vt 0.0861412 1.12466 
vt 0.0814823 1.11849 
vt 0.081558 1.11773 
vt 0.0817821 1.11699 
vt 0.0821459 1.11631 
vt 0.0826356 1.11571 
vt 0.0832323 1.11522 
vt 0.083913 1.11486 
vt 0.0846517 1.11463 
vt 0.0854198 1.11456 
vt 0.086188 1.11463 
vt 0.0869266 1.11486 
vt 0.0876074 1.11522 
vt 0.0886937 1.12068 
vt 0.0876074 1.12177 
vt 0.0814924 1.11849 
vt 0.0839169 1.11487 
vt 0.0839169 1.12212 
vt 0.0826427 1.11572 
vt 0.0832379 1.11523 
vt 0.0817914 1.11699 
vt 0.0821543 1.11631 
vt 0.0815679 1.11773 
vt 0.0817914 1.12 
vt 0.0815679 1.11926 
vt 0.0826427 1.12127 
vt 0.0821543 1.12068 
vt 0.0832379 1.12176 
vt 0.0854198 1.11457 
vt 0.0846536 1.11464 
vt 0.0869228 1.11487 
vt 0.086186 1.11464 
vt 0.0881969 1.11572 
vt 0.0876018 1.11523 
vt 0.0890483 1.11699 
vt 0.0886854 1.11631 
vt 0.0893473 1.11849 
vt 0.0892718 1.11773 
vt 0.0890483 1.12 
vt 0.0892718 1.11926 
vt 0.0854198 1.12242 
vt 0.0846536 1.12235 
vt 0.0869228 1.12212 
vt 0.086186 1.12235 
vt 0.0881969 1.12127 
vt 0.0876018 1.12176 
vt 0.0886854 1.12068 
vt 0.0886937 1.11631 
vt 0.0890576 1.11699 
vt 0.0892817 1.11773 
vt 0.0893573 1.11849 
vt 0.0892817 1.11926 
vt 0.0890576 1.12 
vt 0.0886937 1.12068 
vt 0.0882041 1.12128 
vt 0.0876074 1.12177 
vt 0.0869266 1.12213 
vt 0.086188 1.12236 
vt 0.0854198 1.12243 
vt 0.0846536 1.11464 
vt 0.0869228 1.11487 
vt 0.0876018 1.11523 
vt 0.0890483 1.11699 
vt 0.0892718 1.11773 
vt 0.0821543 1.11631 
vt 0.0892718 1.11926 
vt 0.0826427 1.11572 
vt 0.0846536 1.12235 
vt 0.0881969 1.12127 
vt 0.0832379 1.12176 
vt 0.086186 1.12235 
vt 0.0821543 1.12068 
vt 0.0817914 1.12 
vt 0.0815679 1.11773 
vt 0.0854198 1.11495 
vt 0.0818804 1.11849 
vt 0.0829171 1.11599 
vt 0.0879226 1.121 
vt 0.0882041 1.11571 
vt 0.0826356 1.12128 
vt 0.0821459 1.12068 
vt 0.0817821 1.12 
vt 0.081558 1.11926 
vt 0.0832323 1.12177 
vt 0.083913 1.12213 
vt 0.0846517 1.12236 
vt 0.0854198 1.12243 
vt 0.0768902 1.12213 
vt 0.0768902 1.12177 
vt 0.0768902 1.12128 
vt 0.0768902 1.12068 
vt 0.0768902 1.12 
vt 0.0768902 1.11849 
vt 0.0768902 1.11773 
vt 0.0768902 1.11699 
vt 0.0768902 1.11644 
vt 0.0768902 1.11631 
vt 0.0768902 1.11571 
vt 0.0768902 1.11522 
vt 0.0768902 1.11522 
vt 0.0768902 1.11571 
vt 0.0768902 1.11631 
vt 0.0768902 1.11699 
vt 0.0768902 1.11773 
vt 0.0768902 1.11849 
vt 0.0768902 1.11926 
vt 0.0768902 1.12 
vt 0.0768902 1.12068 
vt 0.0768902 1.12111 
vt 0.0768902 1.12128 
vt 0.0768902 1.12177 
vt 0.0922635 1.11773 
vt 0.0922635 1.11849 
vt 0.0922635 1.11773 
vt 0.0922635 1.11699 
vt 0.0922635 1.11631 
vt 0.0922635 1.11522 
vt 0.0922635 1.11486 
vt 0.0922635 1.11699 
vt 0.0928123 1.11714 
vt 0.0922635 1.11773 
vt 0.0928123 1.1178 
vt 0.0922635 1.11849 
vt 0.0922635 1.11631 
vt 0.0928123 1.11653 
vt 0.0922635 1.11699 
vt 0.0928123 1.11714 
vt 0.0928123 1.11653 
vt 0.0922635 1.11571 
vt 0.0928123 1.11599 
vt 0.0922635 1.11631 
vt 0.0922635 1.12 
vt 0.0922635 1.12068 
vt 0.0922635 1.12177 
vt 0.0922635 1.12177 
vt 0.0922635 1.12128 
vt 0.0922635 1.12068 
vt 0.0928123 1.12046 
vt 0.0928123 1.121 
vt 0.0922635 1.12 
vt 0.0928123 1.12046 
vt 0.0922635 1.12068 
vt 0.0928123 1.11985 
vt 0.0922635 1.11926 
vt 0.0928123 1.11985 
vt 0.0922635 1.12 
vt 0.0928123 1.11918 
vt 0.0922635 1.11849 
vt 0.0928123 1.11918 
vt 0.0922635 1.11926 
vt 0.0928123 1.11849 
vt 0.0922635 1.11773 
vt 0.0928123 1.1178 
vt 0.0922635 1.11849 
vt 0.0928123 1.11849 
vt 0.0939495 1.11572 
vt 0.0939495 1.11523 
vt 0.0939495 1.11699 
vt 0.0939495 1.11631 
vt 0.0939495 1.11773 
vt 0.0939495 1.12 
vt 0.0939495 1.11926 
vt 0.0939495 1.12127 
vt 0.0768902 1.11571 
vt 0.0922635 1.11631 
vt 0.0768902 1.11631 
vt 0.0922635 1.11571 
vt 0.0768902 1.12068 
vt 0.0922635 1.12128 
vt 0.0768902 1.12128 
vt 0.0922635 1.12068 
vt 0.0768902 1.12068 
vt 0.0922635 1.12 
vt 0.0922635 1.12068 
vt 0.0768902 1.12 
vt 0.0768902 1.12 
vt 0.0922635 1.11926 
vt 0.0922635 1.12 
vt 0.0768902 1.11926 
vt 0.0768902 1.11926 
vt 0.0922635 1.11849 
vt 0.0922635 1.11926 
vt 0.0768902 1.11849 
vt 0.0768902 1.11849 
vt 0.0922635 1.11773 
vt 0.0922635 1.11849 
vt 0.0768902 1.11773 
vt 0.0768902 1.11773 
vt 0.0922635 1.11699 
vt 0.0922635 1.11773 
vt 0.0768902 1.11699 
vt 0.0768902 1.11699 
vt 0.0922635 1.11631 
vt 0.0922635 1.11699 
vt 0.0768902 1.11631 
vt 0.0931531 1.11487 
vt 0.0939495 1.11631 
vt 0.0931531 1.11699 
vt 0.0931531 1.11631 
vt 0.0939495 1.11699 
vt 0.0931531 1.11572 
vt 0.0939495 1.11572 
vt 0.0931531 1.11631 
vt 0.0939495 1.11631 
vt 0.0931531 1.12176 
vt 0.0931531 1.12068 
vt 0.0939495 1.12068 
vt 0.0931531 1.12127 
vt 0.0939495 1.12127 
vt 0.0931531 1.12 
vt 0.0939495 1.12 
vt 0.0931531 1.12068 
vt 0.0939495 1.12068 
vt 0.0939495 1.11926 
vt 0.0931531 1.12 
vt 0.0931531 1.11926 
vt 0.0939495 1.12 
vt 0.0931531 1.11849 
vt 0.0939495 1.11849 
vt 0.0931531 1.11926 
vt 0.0939495 1.11926 
vt 0.0931531 1.11773 
vt 0.0939495 1.11773 
vt 0.0931531 1.11849 
vt 0.0939495 1.11849 
vt 0.0931531 1.11699 
vt 0.0939495 1.11699 
vt 0.0931531 1.11773 
vt 0.0939495 1.11773 
vt 0.0931531 1.11985 
vt 0.0928123 1.12046 
vt 0.0928123 1.11985 
vt 0.0931531 1.12046 
vt 0.0928123 1.11985 
vt 0.0928123 1.11918 
vt 0.0931531 1.11918 
vt 0.0931531 1.11985 
vt 0.0931531 1.11849 
vt 0.0928123 1.11918 
vt 0.0928123 1.11849 
vt 0.0931531 1.11918 
vt 0.0928123 1.11849 
vt 0.0928123 1.1178 
vt 0.0931531 1.1178 
vt 0.0931531 1.11849 
vt 0.0928123 1.1178 
vt 0.0928123 1.11714 
vt 0.0931531 1.11714 
vt 0.0931531 1.1178 
vt 0.0928123 1.11714 
vt 0.0928123 1.11653 
vt 0.0931531 1.11653 
vt 0.0931531 1.11714 
vt 0.0928123 1.11653 
vt 0.0928123 1.11599 
vt 0.0931531 1.11599 
vt 0.0931531 1.11653 
vt 0.0931531 1.11555 
vt 0.0931531 1.12144 
vt 0.0931531 1.121 
vt 0.0928123 1.121 
vt 0.0928123 1.12046 
vt 0.0931531 1.12046 
vt 0.0931531 1.121 
vt 0.0915821 1.12111 
vt 0.0915821 1.12157 
vt 0.0915821 1.12111 
vt 0.0915821 1.11991 
vt 0.0915821 1.11588 
vt 0.0915821 1.11708 
vt 0.0915821 1.11991 
vt 0.0915821 1.11708 
vt 0.0915821 1.11777 
vt 0.0915821 1.11588 
vt 0.0915821 1.11644 
vt 0.0915821 1.11508 
vt 0.0915821 1.11542 
vt 0.0768902 1.11849 
vt 0.0915821 1.11849 
vt 0.0768902 1.11922 
vt 0.0915821 1.11922 
vt 0.0768902 1.11922 
vt 0.0915821 1.11922 
vt 0.0768902 1.11991 
vt 0.0915821 1.11991 
vt 0.0768902 1.11991 
vt 0.0915821 1.11991 
vt 0.0768902 1.12055 
vt 0.0915821 1.12055 
vt 0.0768902 1.12055 
vt 0.0915821 1.12055 
vt 0.0768902 1.12111 
vt 0.0915821 1.12111 
vt 0.0768902 1.11588 
vt 0.0915821 1.11588 
vt 0.0768902 1.11644 
vt 0.0915821 1.11644 
vt 0.0768902 1.11644 
vt 0.0915821 1.11644 
vt 0.0768902 1.11708 
vt 0.0915821 1.11708 
vt 0.0768902 1.11708 
vt 0.0915821 1.11708 
vt 0.0768902 1.11777 
vt 0.0915821 1.11777 
vt 0.0768902 1.11777 
vt 0.0915821 1.11777 
vt 0.0768902 1.11849 
vt 0.0915821 1.11849 
vt 0.0854198 1.10996 
vt 0.0846517 1.10996 
vt 0.083913 1.10996 
vt 0.0832323 1.10996 
vt 0.0826356 1.10996 
vt 0.0821459 1.10996 
vt 0.0817821 1.10996 
vt 0.0817821 1.10996 
vt 0.0823453 1.10996 
vt 0.0826356 1.10996 
vt 0.0832323 1.10996 
vt 0.083913 1.10996 
vt 0.0846517 1.10996 
vt 0.0854198 1.10996 
vt 0.086188 1.10996 
vt 0.0869266 1.10996 
vt 0.0876074 1.10996 
vt 0.0882041 1.10996 
vt 0.0886937 1.10996 
vt 0.0886937 1.10996 
vt 0.0880345 1.10996 
vt 0.0882041 1.10996 
vt 0.0876074 1.10996 
vt 0.0869266 1.10996 
vt 0.086188 1.10996 
vt 0.0817821 1.12534 
vt 0.0821459 1.12534 
vt 0.0832323 1.12534 
vt 0.0846517 1.12534 
vt 0.0854198 1.12534 
vt 0.0869266 1.12534 
vt 0.0834534 1.12589 
vt 0.0829171 1.12589 
vt 0.0826356 1.12534 
vt 0.0832323 1.12534 
vt 0.0886937 1.12534 
vt 0.083913 1.12534 
vt 0.0834534 1.12589 
vt 0.0832323 1.12534 
vt 0.0840653 1.12589 
vt 0.0846517 1.12534 
vt 0.0840653 1.12589 
vt 0.083913 1.12534 
vt 0.0847293 1.12589 
vt 0.0854198 1.12534 
vt 0.0847293 1.12589 
vt 0.0846517 1.12534 
vt 0.0854198 1.12589 
vt 0.086188 1.12534 
vt 0.0861103 1.12589 
vt 0.0854198 1.12534 
vt 0.0854198 1.12589 
vt 0.0869266 1.12534 
vt 0.0867743 1.12589 
vt 0.086188 1.12534 
vt 0.0861103 1.12589 
vt 0.0876074 1.12534 
vt 0.0873862 1.12589 
vt 0.0869266 1.12534 
vt 0.0867743 1.12589 
vt 0.0873862 1.12589 
vt 0.0882041 1.12534 
vt 0.0879226 1.12589 
vt 0.0876074 1.12534 
vt 0.0854198 1.12534 
vt 0.0846517 1.12534 
vt 0.0876074 1.12534 
vt 0.0832323 1.12534 
vt 0.0869266 1.12534 
vt 0.0817821 1.12534 
vt 0.0839169 1.12702 
vt 0.0826427 1.12702 
vt 0.0832379 1.12702 
vt 0.0821543 1.12702 
vt 0.0846536 1.12702 
vt 0.0869228 1.12702 
vt 0.086186 1.12702 
vt 0.0881969 1.12702 
vt 0.0886854 1.12702 
vt 0.0832323 1.10996 
vt 0.0826356 1.12534 
vt 0.0826356 1.10996 
vt 0.0832323 1.12534 
vt 0.083913 1.10996 
vt 0.0832323 1.12534 
vt 0.0832323 1.10996 
vt 0.083913 1.12534 
vt 0.0846517 1.10996 
vt 0.083913 1.12534 
vt 0.083913 1.10996 
vt 0.0846517 1.12534 
vt 0.0854198 1.10996 
vt 0.0846517 1.12534 
vt 0.0846517 1.10996 
vt 0.0854198 1.12534 
vt 0.086188 1.10996 
vt 0.0854198 1.12534 
vt 0.0854198 1.10996 
vt 0.086188 1.12534 
vt 0.0869266 1.10996 
vt 0.086188 1.12534 
vt 0.086188 1.10996 
vt 0.0869266 1.12534 
vt 0.0876074 1.10996 
vt 0.0869266 1.12534 
vt 0.0869266 1.10996 
vt 0.0876074 1.12534 
vt 0.0882041 1.10996 
vt 0.0876074 1.12534 
vt 0.0876074 1.10996 
vt 0.0882041 1.12534 
vt 0.0846536 1.12623 
vt 0.0839169 1.12702 
vt 0.0839169 1.12623 
vt 0.0846536 1.12702 
vt 0.0854198 1.12623 
vt 0.0846536 1.12702 
vt 0.0846536 1.12623 
vt 0.0854198 1.12702 
vt 0.086186 1.12623 
vt 0.0854198 1.12702 
vt 0.0854198 1.12623 
vt 0.086186 1.12702 
vt 0.0869228 1.12623 
vt 0.086186 1.12702 
vt 0.086186 1.12623 
vt 0.0869228 1.12702 
vt 0.0876018 1.12623 
vt 0.0869228 1.12702 
vt 0.0869228 1.12623 
vt 0.0876018 1.12702 
vt 0.0881969 1.12623 
vt 0.0881969 1.12702 
vt 0.0876018 1.12623 
vt 0.0876018 1.12702 
vt 0.0886854 1.12623 
vt 0.0890483 1.12623 
vt 0.0817914 1.12623 
vt 0.0821543 1.12623 
vt 0.0826427 1.12623 
vt 0.0832379 1.12623 
vt 0.0832379 1.12702 
vt 0.0826427 1.12623 
vt 0.0826427 1.12702 
vt 0.0839169 1.12623 
vt 0.0832379 1.12702 
vt 0.0832379 1.12623 
vt 0.0839169 1.12702 
vt 0.0861103 1.12589 
vt 0.0854198 1.12623 
vt 0.0854198 1.12589 
vt 0.0861103 1.12623 
vt 0.0861103 1.12589 
vt 0.0867743 1.12589 
vt 0.0867743 1.12623 
vt 0.0861103 1.12623 
vt 0.0873862 1.12623 
vt 0.0867743 1.12589 
vt 0.0873862 1.12589 
vt 0.0867743 1.12623 
vt 0.0873862 1.12589 
vt 0.0879226 1.12589 
vt 0.0879226 1.12623 
vt 0.0873862 1.12623 
vt 0.0883628 1.12623 
vt 0.0824769 1.12623 
vt 0.0829171 1.12623 
vt 0.0829171 1.12589 
vt 0.0834534 1.12589 
vt 0.0834534 1.12623 
vt 0.0829171 1.12623 
vt 0.0834534 1.12589 
vt 0.0840653 1.12589 
vt 0.0840653 1.12623 
vt 0.0834534 1.12623 
vt 0.0840653 1.12589 
vt 0.0847293 1.12589 
vt 0.0847293 1.12623 
vt 0.0840653 1.12623 
vt 0.0854198 1.12589 
vt 0.0847293 1.12623 
vt 0.0847293 1.12589 
vt 0.0854198 1.12623 
vt 0.0868349 1.12466 
vt 0.0840048 1.12466 
vt 0.0846984 1.12466 
vt 0.0828052 1.12466 
vt 0.0833655 1.12466 
vt 0.0880345 1.12466 
vt 0.0823453 1.12466 
vt 0.0828052 1.12466 
vt 0.0888361 1.12466 
vt 0.0880345 1.12466 
vt 0.0884944 1.12466 
vt 0.0840048 1.12466 
vt 0.0868349 1.12466 
vt 0.0840048 1.10996 
vt 0.0833655 1.12466 
vt 0.0833655 1.10996 
vt 0.0840048 1.12466 
vt 0.0874742 1.10996 
vt 0.0868349 1.12466 
vt 0.0868349 1.10996 
vt 0.0868349 1.12466 
vt 0.0874742 1.10996 
vt 0.0874742 1.12466 
vt 0.0833655 1.10996 
vt 0.0828052 1.12466 
vt 0.0828052 1.10996 
vt 0.0833655 1.12466 
vt 0.0868349 1.10996 
vt 0.0861412 1.12466 
vt 0.0861412 1.10996 
vt 0.0861412 1.12466 
vt 0.0868349 1.10996 
vt 0.0868349 1.12466 
vt 0.0861412 1.10996 
vt 0.0854198 1.12466 
vt 0.0854198 1.10996 
vt 0.0861412 1.12466 
vt 0.0854198 1.10996 
vt 0.0846984 1.12466 
vt 0.0846984 1.10996 
vt 0.0854198 1.12466 
vt 0.0846984 1.10996 
vt 0.0840048 1.12466 
vt 0.0840048 1.10996 
vt 0.0846984 1.12466 
vt 0.0880345 1.10996 
vt 0.0874742 1.12466 
vt 0.0874742 1.10996 
vt 0.0880345 1.12466 
vt 0.0854198 1.12243 
vt 0.0861412 1.12212 
vt 0.086188 1.12236 
vt 0.0854198 1.12219 
vt 0.0869266 1.12213 
vt 0.086188 1.12236 
vt 0.0861412 1.12212 
vt 0.0868349 1.12191 
vt 0.0874742 1.12157 
vt 0.0869266 1.12213 
vt 0.0868349 1.12191 
vt 0.0876074 1.12177 
vt 0.0882041 1.12128 
vt 0.0874742 1.12157 
vt 0.0880345 1.12111 
vt 0.0876074 1.12177 
vt 0.0884944 1.12055 
vt 0.0882041 1.12128 
vt 0.0880345 1.12111 
vt 0.0886937 1.12068 
vt 0.0884944 1.12055 
vt 0.0888361 1.11991 
vt 0.0890576 1.12 
vt 0.0886937 1.12068 
vt 0.0890465 1.11922 
vt 0.0890576 1.12 
vt 0.0888361 1.11991 
vt 0.0892817 1.11926 
vt 0.0893573 1.11849 
vt 0.0891175 1.11849 
vt 0.0890465 1.11777 
vt 0.0892817 1.11773 
vt 0.0890576 1.11699 
vt 0.0888361 1.11708 
vt 0.0890576 1.11699 
vt 0.0884944 1.11644 
vt 0.0886937 1.11631 
vt 0.0888361 1.11708 
vt 0.0882041 1.11571 
vt 0.0886937 1.11631 
vt 0.0884944 1.11644 
vt 0.0880345 1.11588 
vt 0.0882041 1.11571 
vt 0.0874742 1.11542 
vt 0.0876074 1.11522 
vt 0.0880345 1.11588 
vt 0.0869266 1.11486 
vt 0.0874742 1.11542 
vt 0.0868349 1.11508 
vt 0.0876074 1.11522 
vt 0.0861412 1.11487 
vt 0.0869266 1.11486 
vt 0.0868349 1.11508 
vt 0.086188 1.11463 
vt 0.0854198 1.11456 
vt 0.0861412 1.11487 
vt 0.0854198 1.1148 
vt 0.086188 1.11463 
vt 0.0846984 1.11487 
vt 0.0854198 1.11456 
vt 0.0854198 1.1148 
vt 0.0846517 1.11463 
vt 0.0846984 1.11487 
vt 0.0840048 1.11508 
vt 0.083913 1.11486 
vt 0.0846517 1.11463 
vt 0.083913 1.11486 
vt 0.0833655 1.11542 
vt 0.0832323 1.11522 
vt 0.0840048 1.11508 
vt 0.0826356 1.11571 
vt 0.0832323 1.11522 
vt 0.0833655 1.11542 
vt 0.0828052 1.11588 
vt 0.0826356 1.11571 
vt 0.0823453 1.11644 
vt 0.0821459 1.11631 
vt 0.0828052 1.11588 
vt 0.0817821 1.11699 
vt 0.0821459 1.11631 
vt 0.0823453 1.11644 
vt 0.0820036 1.11708 
vt 0.0817821 1.11699 
vt 0.0817932 1.11777 
vt 0.081558 1.11773 
vt 0.0820036 1.11708 
vt 0.0814823 1.11849 
vt 0.0817221 1.11849 
vt 0.0817932 1.11922 
vt 0.081558 1.11926 
vt 0.0817821 1.12 
vt 0.0820036 1.11991 
vt 0.0823453 1.12055 
vt 0.0817821 1.12 
vt 0.0820036 1.11991 
vt 0.0821459 1.12068 
vt 0.0823453 1.12055 
vt 0.0828052 1.12111 
vt 0.0826356 1.12128 
vt 0.0821459 1.12068 
vt 0.0826356 1.12128 
vt 0.0833655 1.12157 
vt 0.0832323 1.12177 
vt 0.0828052 1.12111 
vt 0.083913 1.12213 
vt 0.0832323 1.12177 
vt 0.0833655 1.12157 
vt 0.0840048 1.12191 
vt 0.083913 1.12213 
vt 0.0846984 1.12212 
vt 0.0846517 1.12236 
vt 0.0840048 1.12191 
vt 0.0854198 1.12243 
vt 0.0846517 1.12236 
vt 0.0846984 1.12212 
vt 0.0854198 1.12219 
vt 0.081558 1.11773 
vt 0.0893573 1.11849 
vt 0.0890576 1.11699 
vt 0.083913 1.11486 
vt 0.0817821 1.12 
vt 0.0854198 1.12243 
vt 0.086188 1.12236 
vt 0.0876074 1.12177 
vt 0.083913 1.12213 
vt 0.0890576 1.12 
vt 0.0869228 1.11487 
vt 0.0839169 1.11487 
vt 0.0821543 1.11631 
vt 0.0890483 1.11699 
vt 0.0832379 1.12176 
vt 0.0876018 1.12176 
vt 0.0890483 1.12 
vt 0.0821543 1.12068 
vt 0.0854198 1.11495 
vt 0.0840653 1.11522 
vt 0.0840653 1.12176 
vt 0.0886899 1.11985 
vt 0.0883628 1.12046 
vt 0.0829171 1.11599 
vt 0.0824769 1.11653 
vt 0.0889593 1.11849 
vt 0.0888913 1.1178 
vt 0.0883628 1.11653 
vt 0.0821498 1.11985 
vt 0.0873862 1.11555 
vt 0.0829171 1.121 
vt 0.0861103 1.11502 
vt 0.0873862 1.12144 
vt 0.0840048 1.12191 
vt 0.0868349 1.12191 
vt 0.0854198 1.12219 
vt 0.0861412 1.12212 
vt 0.0846984 1.12212 
vt 0.0880345 1.12111 
vt 0.0874742 1.12157 
vt 0.0828052 1.12111 
vt 0.0833655 1.12157 
vt 0.0888361 1.11991 
vt 0.0884944 1.12055 
vt 0.0880345 1.11588 
vt 0.0891175 1.11849 
vt 0.0890465 1.11922 
vt 0.0888361 1.11708 
vt 0.0890465 1.11777 
vt 0.0884944 1.11644 
vt 0.0820036 1.11991 
vt 0.0823453 1.12055 
vt 0.0817221 1.11849 
vt 0.0817932 1.11922 
vt 0.0820036 1.11708 
vt 0.0817932 1.11777 
vt 0.0828052 1.11588 
vt 0.0823453 1.11644 
vt 0.0868349 1.11508 
vt 0.0874742 1.11542 
vt 0.0840048 1.11508 
vt 0.0833655 1.11542 
vt 0.0854198 1.1148 
vt 0.0846984 1.11487 
vt 0.0861412 1.11487 
vt 0.0886854 1.11631 
vt 0.0879226 1.11599 
vt 0.0881969 1.11572 
vt 0.0883628 1.11653 
vt 0.0817914 1.12 
vt 0.0819484 1.11918 
vt 0.0821498 1.11985 
vt 0.0815679 1.11926 
vt 0.0881969 1.11572 
vt 0.0873862 1.11555 
vt 0.0876018 1.11523 
vt 0.0879226 1.11599 
vt 0.0821543 1.12068 
vt 0.0821498 1.11985 
vt 0.0824769 1.12046 
vt 0.0817914 1.12 
vt 0.0867743 1.11522 
vt 0.0876018 1.11523 
vt 0.0873862 1.11555 
vt 0.0869228 1.11487 
vt 0.0854198 1.12242 
vt 0.0861103 1.12197 
vt 0.086186 1.12235 
vt 0.0854198 1.12203 
vt 0.0824769 1.12046 
vt 0.0829171 1.121 
vt 0.0826427 1.12127 
vt 0.0821543 1.12068 
vt 0.0861103 1.11502 
vt 0.0869228 1.11487 
vt 0.0867743 1.11522 
vt 0.086186 1.11464 
vt 0.086186 1.12235 
vt 0.0867743 1.12176 
vt 0.0869228 1.12212 
vt 0.0861103 1.12197 
vt 0.0829171 1.121 
vt 0.0834534 1.12144 
vt 0.0832379 1.12176 
vt 0.0826427 1.12127 
vt 0.0854198 1.11495 
vt 0.086186 1.11464 
vt 0.0861103 1.11502 
vt 0.0854198 1.11457 
vt 0.0873862 1.12144 
vt 0.0869228 1.12212 
vt 0.0867743 1.12176 
vt 0.0876018 1.12176 
vt 0.0839169 1.12212 
vt 0.0832379 1.12176 
vt 0.0834534 1.12144 
vt 0.0840653 1.12176 
vt 0.0854198 1.11495 
vt 0.0847293 1.11502 
vt 0.0846536 1.11464 
vt 0.0854198 1.11457 
vt 0.0879226 1.121 
vt 0.0876018 1.12176 
vt 0.0873862 1.12144 
vt 0.0881969 1.12127 
vt 0.0846536 1.12235 
vt 0.0839169 1.12212 
vt 0.0840653 1.12176 
vt 0.0847293 1.12197 
vt 0.0847293 1.11502 
vt 0.0840653 1.11522 
vt 0.0839169 1.11487 
vt 0.0846536 1.11464 
vt 0.0883628 1.12046 
vt 0.0881969 1.12127 
vt 0.0879226 1.121 
vt 0.0886854 1.12068 
vt 0.0854198 1.12242 
vt 0.0846536 1.12235 
vt 0.0847293 1.12197 
vt 0.0854198 1.12203 
vt 0.0832379 1.11523 
vt 0.0839169 1.11487 
vt 0.0840653 1.11522 
vt 0.0834534 1.11555 
vt 0.0886899 1.11985 
vt 0.0886854 1.12068 
vt 0.0883628 1.12046 
vt 0.0890483 1.12 
vt 0.0826427 1.11572 
vt 0.0832379 1.11523 
vt 0.0834534 1.11555 
vt 0.0829171 1.11599 
vt 0.0888913 1.11918 
vt 0.0890483 1.12 
vt 0.0886899 1.11985 
vt 0.0892718 1.11926 
vt 0.0821543 1.11631 
vt 0.0826427 1.11572 
vt 0.0829171 1.11599 
vt 0.0824769 1.11653 
vt 0.0892718 1.11926 
vt 0.0889593 1.11849 
vt 0.0893473 1.11849 
vt 0.0888913 1.11918 
vt 0.0817914 1.11699 
vt 0.0821543 1.11631 
vt 0.0824769 1.11653 
vt 0.0821498 1.11714 
vt 0.0893473 1.11849 
vt 0.0888913 1.1178 
vt 0.0892718 1.11773 
vt 0.0889593 1.11849 
vt 0.0815679 1.11773 
vt 0.0817914 1.11699 
vt 0.0821498 1.11714 
vt 0.0819484 1.1178 
vt 0.0892718 1.11773 
vt 0.0886899 1.11714 
vt 0.0890483 1.11699 
vt 0.0888913 1.1178 
vt 0.0814924 1.11849 
vt 0.0819484 1.1178 
vt 0.0818804 1.11849 
vt 0.0815679 1.11773 
vt 0.0890483 1.11699 
vt 0.0883628 1.11653 
vt 0.0886854 1.11631 
vt 0.0886899 1.11714 
vt 0.0815679 1.11926 
vt 0.0818804 1.11849 
vt 0.0819484 1.11918 
vt 0.0814924 1.11849 

usemtl Shell9mm1Mtl

f 25/25/25 26/26/26 27/27/27 
f 26/26/26 25/25/25 28/28/28 
f 35/35/35 36/36/36 37/37/37 
f 36/36/36 35/35/35 38/38/38 
f 39/39/39 40/40/40 41/41/41 
f 41/41/41 40/40/40 42/42/42 
f 43/43/43 44/44/44 45/45/45 
f 45/45/45 44/44/44 46/46/46 
f 47/47/47 48/48/48 49/49/49 
f 49/49/49 48/48/48 50/50/50 
f 51/51/51 52/52/52 53/53/53 
f 52/52/52 51/51/51 54/54/54 
f 55/55/55 56/56/56 57/57/57 
f 56/56/56 55/55/55 58/58/58 
f 59/59/59 60/60/60 61/61/61 
f 60/60/60 59/59/59 62/62/62 
f 77/77/77 78/78/78 79/79/79 
f 78/78/78 77/77/77 80/80/80 
f 81/81/81 82/82/82 83/83/83 
f 82/82/82 81/81/81 84/84/84 
f 85/85/85 86/86/86 87/87/87 
f 86/86/86 85/85/85 88/88/88 
f 89/89/89 90/90/90 91/91/91 
f 90/90/90 89/89/89 92/92/92 
f 93/93/93 94/94/94 95/95/95 
f 94/94/94 93/93/93 96/96/96 
f 97/97/97 98/98/98 99/99/99 
f 98/98/98 97/97/97 100/100/100 
f 101/101/101 102/102/102 103/103/103 
f 102/102/102 101/101/101 104/104/104 
f 105/105/105 106/106/106 107/107/107 
f 106/106/106 105/105/105 108/108/108 
f 111/111/111 112/112/112 113/113/113 
f 113/113/113 112/112/112 114/114/114 
f 115/115/115 116/116/116 117/117/117 
f 117/117/117 116/116/116 118/118/118 
f 119/119/119 120/120/120 121/121/121 
f 121/121/121 120/120/120 122/122/122 
f 123/123/123 124/124/124 125/125/125 
f 125/125/125 124/124/124 126/126/126 
f 127/127/127 128/128/128 129/129/129 
f 129/129/129 128/128/128 130/130/130 
f 131/131/131 132/132/132 133/133/133 
f 132/132/132 131/131/131 134/134/134 
f 138/138/138 139/139/139 140/140/140 
f 139/139/139 138/138/138 141/141/141 
f 142/142/142 143/143/143 144/144/144 
f 144/144/144 143/143/143 145/145/145 
f 147/147/147 148/148/148 149/149/149 
f 147/147/147 149/149/149 150/150/150 
f 151/151/151 152/152/152 153/153/153 
f 152/152/152 151/151/151 154/154/154 
f 155/155/155 156/156/156 157/157/157 
f 155/155/155 157/157/157 158/158/158 
f 159/159/159 160/160/160 161/161/161 
f 159/159/159 161/161/161 162/162/162 
f 163/163/163 164/164/164 165/165/165 
f 164/164/164 163/163/163 166/166/166 
f 167/167/167 168/168/168 169/169/169 
f 167/167/167 169/169/169 170/170/170 
f 171/171/171 172/172/172 173/173/173 
f 171/171/171 173/173/173 174/174/174 
f 175/175/175 176/176/176 177/177/177 
f 175/175/175 177/177/177 178/178/178 
f 192/192/192 193/193/193 194/194/194 
f 194/194/194 193/193/193 195/195/195 
f 196/196/196 197/197/197 198/198/198 
f 198/198/198 197/197/197 199/199/199 
f 200/200/200 201/201/201 202/202/202 
f 202/202/202 201/201/201 203/203/203 
f 204/204/204 205/205/205 206/206/206 
f 206/206/206 205/205/205 207/207/207 
f 208/208/208 209/209/209 210/210/210 
f 210/210/210 209/209/209 211/211/211 
f 212/212/212 213/213/213 214/214/214 
f 214/214/214 213/213/213 215/215/215 
f 216/216/216 217/217/217 218/218/218 
f 218/218/218 217/217/217 219/219/219 
f 220/220/220 221/221/221 222/222/222 
f 222/222/222 221/221/221 223/223/223 
f 256/256/256 257/257/257 258/258/258 
f 257/257/257 256/256/256 259/259/259 
f 260/260/260 261/261/261 262/262/262 
f 262/262/262 261/261/261 263/263/263 
f 264/264/264 265/265/265 266/266/266 
f 265/265/265 264/264/264 267/267/267 
f 268/268/268 269/269/269 270/270/270 
f 270/270/270 269/269/269 271/271/271 
f 272/272/272 273/273/273 274/274/274 
f 273/273/273 272/272/272 275/275/275 
f 276/276/276 277/277/277 278/278/278 
f 277/277/277 276/276/276 279/279/279 
f 280/280/280 281/281/281 282/282/282 
f 281/281/281 280/280/280 283/283/283 
f 284/284/284 285/285/285 286/286/286 
f 285/285/285 284/284/284 287/287/287 
f 297/297/297 298/298/298 299/299/299 
f 298/298/298 297/297/297 300/300/300 
f 301/301/301 302/302/302 303/303/303 
f 302/302/302 301/301/301 304/304/304 
f 305/305/305 306/306/306 307/307/307 
f 306/306/306 305/305/305 308/308/308 
f 309/309/309 310/310/310 311/311/311 
f 310/310/310 309/309/309 312/312/312 
f 313/313/313 314/314/314 315/315/315 
f 314/314/314 313/313/313 316/316/316 
f 317/317/317 318/318/318 319/319/319 
f 318/318/318 317/317/317 320/320/320 
f 321/321/321 322/322/322 323/323/323 
f 322/322/322 321/321/321 324/324/324 
f 325/325/325 326/326/326 327/327/327 
f 326/326/326 325/325/325 328/328/328 
f 330/330/330 331/331/331 332/332/332 
f 332/332/332 331/331/331 333/333/333 
f 334/334/334 335/335/335 336/336/336 
f 336/336/336 335/335/335 337/337/337 
f 338/338/338 339/339/339 340/340/340 
f 340/340/340 339/339/339 341/341/341 
f 342/342/342 343/343/343 344/344/344 
f 344/344/344 343/343/343 345/345/345 
f 346/346/346 347/347/347 348/348/348 
f 348/348/348 347/347/347 349/349/349 
f 350/350/350 351/351/351 352/352/352 
f 352/352/352 351/351/351 353/353/353 
f 355/355/355 356/356/356 357/357/357 
f 357/357/357 356/356/356 358/358/358 
f 361/361/361 362/362/362 363/363/363 
f 363/363/363 362/362/362 364/364/364 
f 365/365/365 366/366/366 367/367/367 
f 365/365/365 367/367/367 368/368/368 
f 371/371/371 372/372/372 373/373/373 
f 371/371/371 373/373/373 374/374/374 
f 375/375/375 376/376/376 377/377/377 
f 375/375/375 377/377/377 378/378/378 
f 379/379/379 380/380/380 381/381/381 
f 379/379/379 381/381/381 382/382/382 
f 383/383/383 384/384/384 385/385/385 
f 383/383/383 385/385/385 386/386/386 
f 387/387/387 388/388/388 389/389/389 
f 388/388/388 387/387/387 390/390/390 
f 391/391/391 392/392/392 393/393/393 
f 391/391/391 393/393/393 394/394/394 
f 395/395/395 396/396/396 397/397/397 
f 395/395/395 397/397/397 398/398/398 
f 411/411/411 412/412/412 413/413/413 
f 413/413/413 412/412/412 414/414/414 
f 415/415/415 416/416/416 417/417/417 
f 417/417/417 416/416/416 418/418/418 
f 419/419/419 420/420/420 421/421/421 
f 421/421/421 420/420/420 422/422/422 
f 423/423/423 424/424/424 425/425/425 
f 425/425/425 424/424/424 426/426/426 
f 427/427/427 428/428/428 429/429/429 
f 429/429/429 428/428/428 430/430/430 
f 431/431/431 432/432/432 433/433/433 
f 433/433/433 432/432/432 434/434/434 
f 435/435/435 436/436/436 437/437/437 
f 438/438/438 439/439/439 440/440/440 
f 441/441/441 442/442/442 443/443/443 
f 443/443/443 442/442/442 444/444/444 
f 445/445/445 446/446/446 445/445/445 
f 446/446/446 447/447/447 446/446/446 
f 447/447/447 448/448/448 447/447/447 
f 448/448/448 449/449/449 448/448/448 
f 449/449/449 450/450/450 449/449/449 
f 450/450/450 451/451/451 450/450/450 
f 451/451/451 452/452/452 451/451/451 
f 452/452/452 453/453/453 452/452/452 
f 453/453/453 454/454/454 453/453/453 
f 454/454/454 455/455/455 454/454/454 
f 455/455/455 456/456/456 455/455/455 
f 459/459/459 460/460/460 461/461/461 
f 460/460/460 462/462/462 463/463/463 
f 460/460/460 459/459/459 462/462/462 
f 462/462/462 459/459/459 464/464/464 
f 462/462/462 464/464/464 465/465/465 
f 464/464/464 459/459/459 466/466/466 
f 459/459/459 467/467/467 468/468/468 
f 459/459/459 461/461/461 467/467/467 
f 467/467/467 469/469/469 470/470/470 
f 467/467/467 461/461/461 469/469/469 
f 469/469/469 461/461/461 471/471/471 
f 472/472/472 460/460/460 473/473/473 
f 472/472/472 461/461/461 460/460/460 
f 474/474/474 472/472/472 475/475/475 
f 472/472/472 474/474/474 476/476/476 
f 476/476/476 474/474/474 477/477/477 
f 478/478/478 472/472/472 476/476/476 
f 478/478/478 476/476/476 479/479/479 
f 478/478/478 461/461/461 472/472/472 
f 480/480/480 478/478/478 481/481/481 
f 482/482/482 478/478/478 480/480/480 
f 482/482/482 461/461/461 478/478/478 
f 482/482/482 480/480/480 483/483/483 
f 461/461/461 484/484/484 485/485/485 
f 461/461/461 486/486/486 484/484/484 
f 461/461/461 482/482/482 486/486/486 
f 484/484/484 486/486/486 487/487/487 
f 482/482/482 488/488/488 486/486/486 
f 486/486/486 488/488/488 489/489/489 
f 488/488/488 482/482/482 490/490/490 
f 491/491/491 492/492/492 491/491/491 
f 492/492/492 493/493/493 492/492/492 
f 493/493/493 494/494/494 493/493/493 
f 494/494/494 495/495/495 494/494/494 
f 495/495/495 496/496/496 495/495/495 
f 496/496/496 497/497/497 496/496/496 
f 497/497/497 498/498/498 497/497/497 
f 498/498/498 499/499/499 498/498/498 
f 499/499/499 500/500/500 499/499/499 
f 500/500/500 501/501/501 500/500/500 
f 501/501/501 502/502/502 501/501/501 
f 456/456/456 522/522/522 456/456/456 
f 522/522/522 491/491/491 522/522/522 
f 523/523/523 524/524/524 523/523/523 
f 524/524/524 525/525/525 524/524/524 
f 525/525/525 526/526/526 525/525/525 
f 526/526/526 445/445/445 526/526/526 
f 527/527/527 523/523/523 527/527/527 
f 528/528/528 527/527/527 528/528/528 
f 529/529/529 528/528/528 529/529/529 
f 530/530/530 529/529/529 530/530/530 
f 562/562/562 563/563/563 564/564/564 
f 564/564/564 563/563/563 565/565/565 
f 567/567/567 568/568/568 569/569/569 
f 569/569/569 568/568/568 570/570/570 
f 571/571/571 572/572/572 573/573/573 
f 572/572/572 571/571/571 574/574/574 
f 579/579/579 580/580/580 581/581/581 
f 579/579/579 581/581/581 582/582/582 
f 583/583/583 584/584/584 585/585/585 
f 584/584/584 583/583/583 586/586/586 
f 587/587/587 588/588/588 589/589/589 
f 588/588/588 587/587/587 590/590/590 
f 591/591/591 592/592/592 593/593/593 
f 592/592/592 591/591/591 594/594/594 
f 595/595/595 596/596/596 597/597/597 
f 597/597/597 596/596/596 598/598/598 
f 607/607/607 608/608/608 609/609/609 
f 608/608/608 607/607/607 610/610/610 
f 611/611/611 612/612/612 613/613/613 
f 612/612/612 611/611/611 614/614/614 
f 615/615/615 616/616/616 617/617/617 
f 616/616/616 615/615/615 618/618/618 
f 619/619/619 620/620/620 621/621/621 
f 620/620/620 619/619/619 622/622/622 
f 623/623/623 624/624/624 625/625/625 
f 624/624/624 623/623/623 626/626/626 
f 627/627/627 628/628/628 629/629/629 
f 628/628/628 627/627/627 630/630/630 
f 631/631/631 632/632/632 633/633/633 
f 632/632/632 631/631/631 634/634/634 
f 635/635/635 636/636/636 637/637/637 
f 636/636/636 635/635/635 638/638/638 
f 640/640/640 641/641/641 642/642/642 
f 641/641/641 640/640/640 643/643/643 
f 644/644/644 645/645/645 646/646/646 
f 646/646/646 645/645/645 647/647/647 
f 649/649/649 650/650/650 651/651/651 
f 651/651/651 650/650/650 652/652/652 
f 653/653/653 654/654/654 655/655/655 
f 655/655/655 654/654/654 656/656/656 
f 657/657/657 658/658/658 659/659/659 
f 658/658/658 657/657/657 660/660/660 
f 661/661/661 662/662/662 663/663/663 
f 663/663/663 662/662/662 664/664/664 
f 665/665/665 666/666/666 667/667/667 
f 667/667/667 666/666/666 668/668/668 
f 669/669/669 670/670/670 671/671/671 
f 671/671/671 670/670/670 672/672/672 
f 673/673/673 674/674/674 675/675/675 
f 674/674/674 673/673/673 676/676/676 
f 677/677/677 678/678/678 679/679/679 
f 677/677/677 679/679/679 680/680/680 
f 681/681/681 682/682/682 683/683/683 
f 682/682/682 681/681/681 684/684/684 
f 685/685/685 686/686/686 687/687/687 
f 685/685/685 687/687/687 688/688/688 
f 689/689/689 690/690/690 691/691/691 
f 689/689/689 691/691/691 692/692/692 
f 693/693/693 694/694/694 695/695/695 
f 693/693/693 695/695/695 696/696/696 
f 697/697/697 698/698/698 699/699/699 
f 697/697/697 699/699/699 700/700/700 
f 704/704/704 705/705/705 706/706/706 
f 704/704/704 706/706/706 707/707/707 
f 721/721/721 722/722/722 723/723/723 
f 723/723/723 722/722/722 724/724/724 
f 725/725/725 726/726/726 727/727/727 
f 727/727/727 726/726/726 728/728/728 
f 729/729/729 730/730/730 731/731/731 
f 731/731/731 730/730/730 732/732/732 
f 733/733/733 734/734/734 735/735/735 
f 735/735/735 734/734/734 736/736/736 
f 737/737/737 738/738/738 739/739/739 
f 739/739/739 738/738/738 740/740/740 
f 741/741/741 742/742/742 743/743/743 
f 743/743/743 742/742/742 744/744/744 
f 745/745/745 746/746/746 747/747/747 
f 747/747/747 746/746/746 748/748/748 
f 749/749/749 750/750/750 751/751/751 
f 751/751/751 750/750/750 752/752/752 
f 784/784/784 785/785/785 786/786/786 
f 786/786/786 787/787/787 784/784/784 
f 789/789/789 790/790/790 791/791/791 
f 790/790/790 789/789/789 792/792/792 
f 793/793/793 794/794/794 795/795/795 
f 794/794/794 793/793/793 796/796/796 
f 797/797/797 798/798/798 799/799/799 
f 798/798/798 797/797/797 800/800/800 
f 801/801/801 802/802/802 803/803/803 
f 803/803/803 802/802/802 804/804/804 
f 805/805/805 806/806/806 807/807/807 
f 807/807/807 806/806/806 808/808/808 
f 809/809/809 810/810/810 811/811/811 
f 811/811/811 810/810/810 812/812/812 
f 813/813/813 814/814/814 815/815/815 
f 814/814/814 813/813/813 816/816/816 
f 832/832/832 833/833/833 834/834/834 
f 833/833/833 832/832/832 835/835/835 
f 836/836/836 837/837/837 838/838/838 
f 837/837/837 836/836/836 839/839/839 
f 840/840/840 841/841/841 842/842/842 
f 841/841/841 840/840/840 843/843/843 
f 844/844/844 845/845/845 846/846/846 
f 845/845/845 844/844/844 847/847/847 
f 848/848/848 849/849/849 850/850/850 
f 849/849/849 848/848/848 851/851/851 
f 852/852/852 853/853/853 854/854/854 
f 853/853/853 852/852/852 855/855/855 
f 856/856/856 857/857/857 858/858/858 
f 857/857/857 856/856/856 859/859/859 
f 860/860/860 861/861/861 862/862/862 
f 861/861/861 860/860/860 863/863/863 
f 864/864/864 865/865/865 866/866/866 
f 865/865/865 864/864/864 867/867/867 
f 868/868/868 869/869/869 870/870/870 
f 869/869/869 868/868/868 871/871/871 
f 872/872/872 873/873/873 874/874/874 
f 873/873/873 872/872/872 875/875/875 
f 876/876/876 877/877/877 878/878/878 
f 877/877/877 876/876/876 879/879/879 
f 880/880/880 881/881/881 882/882/882 
f 881/881/881 880/880/880 883/883/883 
f 884/884/884 885/885/885 886/886/886 
f 886/886/886 885/885/885 887/887/887 
f 893/893/893 894/894/894 895/895/895 
f 895/895/895 894/894/894 896/896/896 
f 897/897/897 898/898/898 899/899/899 
f 898/898/898 897/897/897 900/900/900 
f 901/901/901 902/902/902 903/903/903 
f 902/902/902 901/901/901 904/904/904 
f 905/905/905 906/906/906 907/907/907 
f 905/905/905 907/907/907 908/908/908 
f 909/909/909 910/910/910 911/911/911 
f 910/910/910 909/909/909 912/912/912 
f 913/913/913 914/914/914 915/915/915 
f 913/913/913 915/915/915 916/916/916 
f 920/920/920 921/921/921 922/922/922 
f 920/920/920 922/922/922 923/923/923 
f 924/924/924 925/925/925 926/926/926 
f 924/924/924 926/926/926 927/927/927 
f 928/928/928 929/929/929 930/930/930 
f 928/928/928 930/930/930 931/931/931 
f 932/932/932 933/933/933 934/934/934 
f 933/933/933 932/932/932 935/935/935 
f 949/949/949 950/950/950 951/951/951 
f 950/950/950 949/949/949 952/952/952 
f 953/953/953 954/954/954 955/955/955 
f 956/956/956 957/957/957 958/958/958 
f 959/959/959 960/960/960 961/961/961 
f 960/960/960 959/959/959 962/962/962 
f 963/963/963 964/964/964 965/965/965 
f 966/966/966 967/967/967 968/968/968 
f 969/969/969 970/970/970 971/971/971 
f 970/970/970 969/969/969 972/972/972 
f 973/973/973 974/974/974 975/975/975 
f 974/974/974 973/973/973 976/976/976 
f 977/977/977 978/978/978 979/979/979 
f 978/978/978 977/977/977 980/980/980 
f 981/981/981 982/982/982 983/983/983 
f 982/982/982 981/981/981 984/984/984 
f 985/985/985 986/986/986 987/987/987 
f 986/986/986 985/985/985 988/988/988 
f 989/989/989 990/990/990 991/991/991 
f 989/989/989 991/991/991 992/992/992 
f 993/993/993 994/994/994 995/995/995 
f 994/994/994 993/993/993 996/996/996 
f 997/997/997 998/998/998 999/999/999 
f 998/998/998 997/997/997 1000/1000/1000 
f 1001/1001/1001 1002/1002/1002 1003/1003/1003 
f 1002/1002/1002 1001/1001/1001 1004/1004/1004 
f 1005/1005/1005 1006/1006/1006 1007/1007/1007 
f 1005/1005/1005 1007/1007/1007 1008/1008/1008 
f 1009/1009/1009 1010/1010/1010 1011/1011/1011 
f 1010/1010/1010 1009/1009/1009 1012/1012/1012 
f 1013/1013/1013 1012/1012/1012 1009/1009/1009 
f 1009/1009/1009 1014/1014/1014 1013/1013/1013 
f 1015/1015/1015 1013/1013/1013 1014/1014/1014 
f 1013/1013/1013 1015/1015/1015 1016/1016/1016 
f 1017/1017/1017 1016/1016/1016 1015/1015/1015 
f 1017/1017/1017 1015/1015/1015 1018/1018/1018 
f 1019/1019/1019 1020/1020/1020 1021/1021/1021 
f 1020/1020/1020 1019/1019/1019 1022/1022/1022 
f 1023/1023/1023 1024/1024/1024 1025/1025/1025 
f 1023/1023/1023 1025/1025/1025 1026/1026/1026 
f 1027/1027/1027 1028/1028/1028 1029/1029/1029 
f 1028/1028/1028 1027/1027/1027 1030/1030/1030 
f 1031/1031/1031 1032/1032/1032 1033/1033/1033 
f 1032/1032/1032 1031/1031/1031 1034/1034/1034 
f 1035/1035/1035 1036/1036/1036 1037/1037/1037 
f 1036/1036/1036 1035/1035/1035 1038/1038/1038 
f 1039/1039/1039 1040/1040/1040 1041/1041/1041 
f 1040/1040/1040 1039/1039/1039 1042/1042/1042 
f 1043/1043/1043 1044/1044/1044 1045/1045/1045 
f 1044/1044/1044 1043/1043/1043 1046/1046/1046 
f 1047/1047/1047 1048/1048/1048 1049/1049/1049 
f 1047/1047/1047 1049/1049/1049 1050/1050/1050 
f 1051/1051/1051 1052/1052/1052 1053/1053/1053 
f 1052/1052/1052 1051/1051/1051 1054/1054/1054 
f 1055/1055/1055 1056/1056/1056 1057/1057/1057 
f 1057/1057/1057 1058/1058/1058 1055/1055/1055 
f 1059/1059/1059 1060/1060/1060 1061/1061/1061 
f 1060/1060/1060 1059/1059/1059 1062/1062/1062 
f 1063/1063/1063 1064/1064/1064 1065/1065/1065 
f 1063/1063/1063 1065/1065/1065 1066/1066/1066 
f 1067/1067/1067 1068/1068/1068 1069/1069/1069 
f 1068/1068/1068 1067/1067/1067 1070/1070/1070 
f 1068/1068/1068 1071/1071/1071 1069/1069/1069 
f 1071/1071/1071 1068/1068/1068 1072/1072/1072 
f 1073/1073/1073 1071/1071/1071 1072/1072/1072 
f 1071/1071/1071 1073/1073/1073 1074/1074/1074 
f 1073/1073/1073 1075/1075/1075 1074/1074/1074 
f 1075/1075/1075 1073/1073/1073 1076/1076/1076 
f 1077/1077/1077 1078/1078/1078 1079/1079/1079 
f 1078/1078/1078 1077/1077/1077 1080/1080/1080 
f 1081/1081/1081 1082/1082/1082 1083/1083/1083 
f 1081/1081/1081 1083/1083/1083 1084/1084/1084 
f 1085/1085/1085 1086/1086/1086 1087/1087/1087 
f 1086/1086/1086 1085/1085/1085 1088/1088/1088 
f 1089/1089/1089 1090/1090/1090 1091/1091/1091 
f 1091/1091/1091 1092/1092/1092 1089/1089/1089 
f 1093/1093/1093 1094/1094/1094 1095/1095/1095 
f 1094/1094/1094 1093/1093/1093 1096/1096/1096 
f 1097/1097/1097 1098/1098/1098 1099/1099/1099 
f 1097/1097/1097 1099/1099/1099 1100/1100/1100 
f 1134/1134/1134 1135/1135/1135 1136/1136/1136 
f 1136/1136/1136 1135/1135/1135 1137/1137/1137 
f 1134/1134/1134 1136/1136/1136 1138/1138/1138 
f 1135/1135/1135 1134/1134/1134 1139/1139/1139 
f 1135/1135/1135 1139/1139/1139 1140/1140/1140 
f 1141/1141/1141 1139/1139/1139 1134/1134/1134 
f 1141/1141/1141 1134/1134/1134 1142/1142/1142 
f 1139/1139/1139 1143/1143/1143 1144/1144/1144 
f 1139/1139/1139 1145/1145/1145 1143/1143/1143 
f 1145/1145/1145 1139/1139/1139 1141/1141/1141 
f 1143/1143/1143 1146/1146/1146 1147/1147/1147 
f 1143/1143/1143 1148/1148/1148 1146/1146/1146 
f 1143/1143/1143 1145/1145/1145 1148/1148/1148 
f 1146/1146/1146 1148/1148/1148 1149/1149/1149 
f 1148/1148/1148 1145/1145/1145 1150/1150/1150 
f 1151/1151/1151 1141/1141/1141 1152/1152/1152 
f 1153/1153/1153 1151/1151/1151 1154/1154/1154 
f 1155/1155/1155 1151/1151/1151 1153/1153/1153 
f 1155/1155/1155 1141/1141/1141 1151/1151/1151 
f 1155/1155/1155 1153/1153/1153 1156/1156/1156 
f 1157/1157/1157 1141/1141/1141 1155/1155/1155 
f 1157/1157/1157 1145/1145/1145 1141/1141/1141 
f 1157/1157/1157 1155/1155/1155 1158/1158/1158 
f 1145/1145/1145 1157/1157/1157 1159/1159/1159 
f 1145/1145/1145 1159/1159/1159 1160/1160/1160 
f 1159/1159/1159 1157/1157/1157 1161/1161/1161 
f 1161/1161/1161 1157/1157/1157 1162/1162/1162 
f 1159/1159/1159 1161/1161/1161 1163/1163/1163 
f 1163/1163/1163 1161/1161/1161 1164/1164/1164 
f 1159/1159/1159 1163/1163/1163 1165/1165/1165 
f 1166/1166/1166 1167/1167/1167 1168/1168/1168 
f 1167/1167/1167 1166/1166/1166 1169/1169/1169 
f 1170/1170/1170 1171/1171/1171 1172/1172/1172 
f 1171/1171/1171 1170/1170/1170 1173/1173/1173 
f 1174/1174/1174 1175/1175/1175 1176/1176/1176 
f 1175/1175/1175 1174/1174/1174 1177/1177/1177 
f 1178/1178/1178 1179/1179/1179 1180/1180/1180 
f 1179/1179/1179 1178/1178/1178 1181/1181/1181 
f 1182/1182/1182 1183/1183/1183 1184/1184/1184 
f 1183/1183/1183 1182/1182/1182 1185/1185/1185 
f 1186/1186/1186 1187/1187/1187 1188/1188/1188 
f 1187/1187/1187 1186/1186/1186 1189/1189/1189 
f 1190/1190/1190 1191/1191/1191 1192/1192/1192 
f 1190/1190/1190 1192/1192/1192 1193/1193/1193 
f 1194/1194/1194 1195/1195/1195 1196/1196/1196 
f 1195/1195/1195 1194/1194/1194 1197/1197/1197 
f 1198/1198/1198 1199/1199/1199 1200/1200/1200 
f 1199/1199/1199 1198/1198/1198 1201/1201/1201 
f 1202/1202/1202 1203/1203/1203 1204/1204/1204 
f 1202/1202/1202 1204/1204/1204 1205/1205/1205 
f 1206/1206/1206 1207/1207/1207 1208/1208/1208 
f 1207/1207/1207 1206/1206/1206 1209/1209/1209 
f 1210/1210/1210 1211/1211/1211 1212/1212/1212 
f 1211/1211/1211 1210/1210/1210 1213/1213/1213 
f 1214/1214/1214 1215/1215/1215 1216/1216/1216 
f 1216/1216/1216 1217/1217/1217 1214/1214/1214 
f 1218/1218/1218 1219/1219/1219 1220/1220/1220 
f 1218/1218/1218 1220/1220/1220 1221/1221/1221 
f 1222/1222/1222 1223/1223/1223 1224/1224/1224 
f 1223/1223/1223 1222/1222/1222 1225/1225/1225 
f 1226/1226/1226 1227/1227/1227 1228/1228/1228 
f 1228/1228/1228 1229/1229/1229 1226/1226/1226 
f 1230/1230/1230 1231/1231/1231 1232/1232/1232 
f 1230/1230/1230 1232/1232/1232 1233/1233/1233 
f 1234/1234/1234 1235/1235/1235 1236/1236/1236 
f 1235/1235/1235 1234/1234/1234 1237/1237/1237 
f 1238/1238/1238 1239/1239/1239 1240/1240/1240 
f 1238/1238/1238 1240/1240/1240 1241/1241/1241 
f 1242/1242/1242 1243/1243/1243 1244/1244/1244 
f 1244/1244/1244 1245/1245/1245 1242/1242/1242 
f 1246/1246/1246 1247/1247/1247 1248/1248/1248 
f 1247/1247/1247 1246/1246/1246 1249/1249/1249 
f 1250/1250/1250 1251/1251/1251 1252/1252/1252 
f 1252/1252/1252 1253/1253/1253 1250/1250/1250 
f 1254/1254/1254 1255/1255/1255 1256/1256/1256 
f 1255/1255/1255 1254/1254/1254 1257/1257/1257 
f 1258/1258/1258 1259/1259/1259 1260/1260/1260 
f 1258/1258/1258 1260/1260/1260 1261/1261/1261 
f 1262/1262/1262 1263/1263/1263 1264/1264/1264 
f 1263/1263/1263 1262/1262/1262 1265/1265/1265 
f 1266/1266/1266 1267/1267/1267 1268/1268/1268 
f 1266/1266/1266 1268/1268/1268 1269/1269/1269 
f 1270/1270/1270 1271/1271/1271 1272/1272/1272 
f 1271/1271/1271 1270/1270/1270 1273/1273/1273 
f 1274/1274/1274 1275/1275/1275 1276/1276/1276 
f 1274/1274/1274 1276/1276/1276 1277/1277/1277 
f 1278/1278/1278 1279/1279/1279 1280/1280/1280 
f 1279/1279/1279 1278/1278/1278 1281/1281/1281 
f 1282/1282/1282 1283/1283/1283 1284/1284/1284 
f 1283/1283/1283 1282/1282/1282 1285/1285/1285 
f 1286/1286/1286 1287/1287/1287 1288/1288/1288 
f 1287/1287/1287 1286/1286/1286 1289/1289/1289 
f 1290/1290/1290 1291/1291/1291 1292/1292/1292 
f 1291/1291/1291 1290/1290/1290 1293/1293/1293 

